Workbook

Sheet Painel
B2: COBERTURA DE CÂMERAS NOS LOCAIS DE VOTAÇÃO
B3: Municípios do programa VPE — Estado da Bahia | Raio de referência: 100 metros
B5: INDICADORES GERAIS
C6: Locais analisados | D6: Locais COM câmera ≤ 100 m | E6: Locais SEM câmera ≤ 100 m | F6: Cobertura
C7: =COUNTA('Resumo por Local'!$A$4:$A$3030) -> 3027 | D7: =COUNTIF('Resumo por Local'!$I$4:$I$3030,"SIM") -> 348 | E7: =COUNTIF('Resumo por Local'!$I$4:$I$3030,"NÃO") -> 2679 | F7: =D7/C7 -> 0.11496531
C9: Seções eleitorais no total | D9: Seções em locais cobertos | E9: % de seções cobertas | F9: Municípios | G9: Zonas eleitorais
C10: =SUM('Resumo por Local'!$H$4:$H$3030) -> 17872 | D10: =SUMIF('Resumo por Local'!$I$4:$I$3030,"SIM",'Resumo por Local'!$H$4:$H$3030) -> 3263 | E10: =D10/C10 -> 0.1825761 | F10: =SUM('Resumo por Local'!$S$4:$S$3030) -> 77 | G10: =SUM('Resumo por Local'!$T$4:$T$3030) -> 97
B12: LOCAIS ATENDIDOS POR RAIO DE DISTÂNCIA
B13: Raio | C13: Locais atendidos | D13: % do total | E13: Locais não atendidos
B14: Até 50 m | C14: =COUNTIF('Resumo por Local'!$L$4:$L$3030,">0") -> 148 | D14: =C14/$C$7 -> 0.048893294 | E14: =$C$7-C14 -> 2879
B15: Até 100 m (referência) | C15: =COUNTIF('Resumo por Local'!$M$4:$M$3030,">0") -> 348 | D15: =C15/$C$7 -> 0.11496531 | E15: =$C$7-C15 -> 2679
B16: Até 200 m | C16: =COUNTIF('Resumo por Local'!$N$4:$N$3030,">0") -> 774 | D16: =C16/$C$7 -> 0.25569871 | E16: =$C$7-C16 -> 2253
B17: Até 300 m | C17: =COUNTIF('Resumo por Local'!$O$4:$O$3030,">0") -> 1084 | D17: =C17/$C$7 -> 0.35811034 | E17: =$C$7-C17 -> 1943
B19: DISTRIBUIÇÃO DOS LOCAIS PELA CÂMERA MAIS PRÓXIMA
B20: Faixa de distância | C20: Locais | D20: % do total
B21: 1. Até 50 m | C21: =COUNTIF('Resumo por Local'!$K$4:$K$3030,"1. Até 50 m") -> 148 | D21: =C21/$C$7 -> 0.048893294
B22: 2. De 50 a 100 m | C22: =COUNTIF('Resumo por Local'!$K$4:$K$3030,"2. De 50 a 100 m") -> 200 | D22: =C22/$C$7 -> 0.066072019
B23: 3. De 100 a 200 m | C23: =COUNTIF('Resumo por Local'!$K$4:$K$3030,"3. De 100 a 200 m") -> 426 | D23: =C23/$C$7 -> 0.1407334
B24: 4. De 200 a 300 m | C24: =COUNTIF('Resumo por Local'!$K$4:$K$3030,"4. De 200 a 300 m") -> 313 | D24: =C24/$C$7 -> 0.10340271
B25: 5. De 300 a 500 m | C25: =COUNTIF('Resumo por Local'!$K$4:$K$3030,"5. De 300 a 500 m") -> 402 | D25: =C25/$C$7 -> 0.13280476
B26: 6. De 500 m a 2 km | C26: =COUNTIF('Resumo por Local'!$K$4:$K$3030,"6. De 500 m a 2 km") -> 431 | D26: =C26/$C$7 -> 0.1423852
B27: 7. Acima de 2 km | C27: =COUNTIF('Resumo por Local'!$K$4:$K$3030,"7. Acima de 2 km") -> 1107 | D27: =C27/$C$7 -> 0.36570862
B28: TOTAL | C28: =SUM(C21:C27) -> 3027 | D28: =SUM(D21:D27) -> 1
B30: 12 MUNICÍPIOS COM MAIS LOCAIS SEM CÂMERA EM 100 m
B31: Município | C31: Locais sem câmera | D31: Locais com câmera | E31: Total de locais | F31: Cobertura
B32: SALVADOR | C32: =COUNTIFS('Resumo por Local'!$A$4:$A$3030,$B32,'Resumo por Local'!$I$4:$I$3030,"NÃO") -> 290 | D32: =COUNTIFS('Resumo por Local'!$A$4:$A$3030,$B32,'Resumo por Local'!$I$4:$I$3030,"SIM") -> 126 | E32: =COUNTIF('Resumo por Local'!$A$4:$A$3030,$B32) -> 416 | F32: =IF(E32=0,"",D32/E32) -> 0.30288462
B33: FEIRA DE SANTANA | C33: =COUNTIFS('Resumo por Local'!$A$4:$A$3030,$B33,'Resumo por Local'!$I$4:$I$3030,"NÃO") -> 125 | D33: =COUNTIFS('Resumo por Local'!$A$4:$A$3030,$B33,'Resumo por Local'!$I$4:$I$3030,"SIM") -> 18 | E33: =COUNTIF('Resumo por Local'!$A$4:$A$3030,$B33) -> 143 | F33: =IF(E33=0,"",D33/E33) -> 0.12587413
B34: VITÓRIA DA CONQUISTA | C34: =COUNTIFS('Resumo por Local'!$A$4:$A$3030,$B34,'Resumo por Local'!$I$4:$I$3030,"NÃO") -> 125 | D34: =COUNTIFS('Resumo por Local'!$A$4:$A$3030,$B34,'Resumo por Local'!$I$4:$I$3030,"SIM") -> 14 | E34: =COUNTIF('Resumo por Local'!$A$4:$A$3030,$B34) -> 139 | F34: =IF(E34=0,"",D34/E34) -> 0.10071942
B35: JUAZEIRO | C35: =COUNTIFS('Resumo por Local'!$A$4:$A$3030,$B35,'Resumo por Local'!$I$4:$I$3030,"NÃO") -> 100 | D35: =COUNTIFS('Resumo por Local'!$A$4:$A$3030,$B35,'Resumo por Local'!$I$4:$I$3030,"SIM") -> 13 | E35: =COUNTIF('Resumo por Local'!$A$4:$A$3030,$B35) -> 113 | F35: =IF(E35=0,"",D35/E35) -> 0.11504425
B36: CASA NOVA | C36: =COUNTIFS('Resumo por Local'!$A$4:$A$3030,$B36,'Resumo por Local'!$I$4:$I$3030,"NÃO") -> 78 | D36: =COUNTIFS('Resumo por Local'!$A$4:$A$3030,$B36,'Resumo por Local'!$I$4:$I$3030,"SIM") -> 3 | E36: =COUNTIF('Resumo por Local'!$A$4:$A$3030,$B36) -> 81 | F36: =IF(E36=0,"",D36/E36) -> 0.037037037
B37: JEQUIÉ | C37: =COUNTIFS('Resumo por Local'!$A$4:$A$3030,$B37,'Resumo por Local'!$I$4:$I$3030,"NÃO") -> 78 | D37: =COUNTIFS('Resumo por Local'!$A$4:$A$3030,$B37,'Resumo por Local'!$I$4:$I$3030,"SIM") -> 1 | E37: =COUNTIF('Resumo por Local'!$A$4:$A$3030,$B37) -> 79 | F37: =IF(E37=0,"",D37/E37) -> 0.012658228
B38: BARREIRAS | C38: =COUNTIFS('Resumo por Local'!$A$4:$A$3030,$B38,'Resumo por Local'!$I$4:$I$3030,"NÃO") -> 68 | D38: =COUNTIFS('Resumo por Local'!$A$4:$A$3030,$B38,'Resumo por Local'!$I$4:$I$3030,"SIM") -> 6 | E38: =COUNTIF('Resumo por Local'!$A$4:$A$3030,$B38) -> 74 | F38: =IF(E38=0,"",D38/E38) -> 0.081081081
B39: SERRINHA | C39: =COUNTIFS('Resumo por Local'!$A$4:$A$3030,$B39,'Resumo por Local'!$I$4:$I$3030,"NÃO") -> 67 | D39: =COUNTIFS('Resumo por Local'!$A$4:$A$3030,$B39,'Resumo por Local'!$I$4:$I$3030,"SIM") -> 0 | E39: =COUNTIF('Resumo por Local'!$A$4:$A$3030,$B39) -> 67 | F39: =IF(E39=0,"",D39/E39) -> 0
B40: SEABRA | C40: =COUNTIFS('Resumo por Local'!$A$4:$A$3030,$B40,'Resumo por Local'!$I$4:$I$3030,"NÃO") -> 66 | D40: =COUNTIFS('Resumo por Local'!$A$4:$A$3030,$B40,'Resumo por Local'!$I$4:$I$3030,"SIM") -> 0 | E40: =COUNTIF('Resumo por Local'!$A$4:$A$3030,$B40) -> 66 | F40: =IF(E40=0,"",D40/E40) -> 0
B41: CAMAÇARI | C41: =COUNTIFS('Resumo por Local'!$A$4:$A$3030,$B41,'Resumo por Local'!$I$4:$I$3030,"NÃO") -> 62 | D41: =COUNTIFS('Resumo por Local'!$A$4:$A$3030,$B41,'Resumo por Local'!$I$4:$I$3030,"SIM") -> 8 | E41: =COUNTIF('Resumo por Local'!$A$4:$A$3030,$B41) -> 70 | F41: =IF(E41=0,"",D41/E41) -> 0.11428571
B42: PAULO AFONSO | C42: =COUNTIFS('Resumo por Local'!$A$4:$A$3030,$B42,'Resumo por Local'!$I$4:$I$3030,"NÃO") -> 60 | D42: =COUNTIFS('Resumo por Local'!$A$4:$A$3030,$B42,'Resumo por Local'!$I$4:$I$3030,"SIM") -> 1 | E42: =COUNTIF('Resumo por Local'!$A$4:$A$3030,$B42) -> 61 | F42: =IF(E42=0,"",D42/E42) -> 0.016393443
B43: CAETITÉ | C43: =COUNTIFS('Resumo por Local'!$A$4:$A$3030,$B43,'Resumo por Local'!$I$4:$I$3030,"NÃO") -> 57 | D43: =COUNTIFS('Resumo por Local'!$A$4:$A$3030,$B43,'Resumo por Local'!$I$4:$I$3030,"SIM") -> 0 | E43: =COUNTIF('Resumo por Local'!$A$4:$A$3030,$B43) -> 57 | F43: =IF(E43=0,"",D43/E43) -> 0
B45: NOTAS METODOLÓGICAS
B46: • Fonte: planilha "cameras_100m_locais_votacao_VPE.xlsx", aba "resumo_por_local". Esta planilha reorganiza os mesmos dados, sem alterá-los.
B47: • Base de câmeras de 16/09/2026 e base de locais de votação de 09/07/2026. Distâncias por fórmula de Haversine (WGS84, R = 6.371.008,8 m).
B48: • O critério é de PROXIMIDADE geodésica, não de cobertura visual: a base de câmeras não possui azimute, campo de visão nem alcance preenchidos.
B49: • Foram analisados os 3.027 locais com coordenada válida. Outros 315 locais dos municípios VPE estão sem coordenada e ficaram fora do cálculo.
B50: • Não existe campo de status operacional na base de câmeras; foram excluídos apenas os grupos VANDALIZADO e IVS_VCM_INTERNAL_STORAGE.
B51: • Distâncias foram calculadas até 2 km. Locais sem câmera nesse raio aparecem sem valor na coluna de distância e na faixa "Acima de 2 km".
B52: • Uma mesma câmera pode atender mais de um local, portanto a soma das câmeras por local é maior que o número de câmeras distintas.

Sheet Resumo por Local
A1: LOCAIS DE VOTAÇÃO E COBERTURA DE CÂMERAS — MUNICÍPIOS VPE / BAHIA
A2: Critério: proximidade geodésica (Haversine/WGS84). Câmeras: 16/09/2026 · Locais: 09/07/2026. Use os filtros do cabeçalho para navegar. As colunas de coordenadas e junta eleitoral estão recolhidas no botão [+] acima.
A3: Município | B3: Zona Eleitoral | C3: Nº do Local | D3: Nome do Local de Votação | E3: Bairro | F3: Endereço | G3: CEP | H3: Seções | I3: Câmera em até 100 m | J3: Distância da câmera mais próxima (m) | K3: Faixa de distância | L3: Câmeras até 50 m | M3: Câmeras até 100 m | N3: Câmeras até 200 m | O3: Câmeras até 300 m | P3: Latitude | Q3: Longitude | R3: Endereço da Junta Eleitoral | S3: aux_municipio | T3: aux_zona
A4: ALAGOINHAS | B4: 163 | C4: 1015 | D4: COLÉGIO MARIA DE LOURDES | E4: RIACHO DA GUIA | F4: RUA MANOEL LUIZ CARVALHO - ZONA RURAL | G4: 48105-000 | H4: 5 | I4: NÃO | K4: =IF(J4="","7. Acima de 2 km",IF(J4<=50,"1. Até 50 m",IF(J4<=100,"2. De 50 a 100 m",IF(J4<=200,"3. De 100 a 200 m",IF(J4<=300,"4. De 200 a 300 m",IF(J4<=500,"5. De 300 a 500 m","6. De 500 m a 2 km")))))) -> 7. Acima de 2 km | L4: 0 | M4: 0 | N4: 0 | O4: 0 | P4: -11.956991 | Q4: -38.378609 | R4: FÓRUM DES. MOACYR PITTA LIMA, AVENIDA AIRTON SENNA, S/N, ALAGOINHAS VELHA, ALAGOINHAS/BA | S4: =IF(A4=A3,0,1) -> 1 | T4: =IF(COUNTIF($B$4:B4,B4)=1,1,0) -> 1
A5: ALAGOINHAS | B5: 163 | C5: 1023 | D5: COLÉGIO JAIRO AZI | E5: RIACHO DA GUIA | F5: RUA SAGRADA FAMÍLIA, S/N - ZONA RURAL | G5: 48105-000 | H5: 10 | I5: NÃO | K5: =IF(J5="","7. Acima de 2 km",IF(J5<=50,"1. Até 50 m",IF(J5<=100,"2. De 50 a 100 m",IF(J5<=200,"3. De 100 a 200 m",IF(J5<=300,"4. De 200 a 300 m",IF(J5<=500,"5. De 300 a 500 m","6. De 500 m a 2 km")))))) -> 7. Acima de 2 km | L5: 0 | M5: 0 | N5: 0 | O5: 0 | P5: -11.958491 | Q5: -38.377551 | R5: FÓRUM DES. MOACYR PITTA LIMA, AVENIDA AIRTON SENNA, S/N, ALAGOINHAS VELHA, ALAGOINHAS/BA | S5: =IF(A5=A4,0,1) -> 0 | T5: =IF(COUNTIF($B$4:B5,B5)=1,1,0) -> 0
A6: ALAGOINHAS | B6: 163 | C6: 1090 | D6: ESCOLA MUNICIPAL D. AVELAR BRANDÃO VILELA | E6: DISTRITO BOA UNIÃO | F6: RUA DA CAPELINHA - ZONA RURAL | G6: 48103-000 | H6: 6 | I6: NÃO | K6: =IF(J6="","7. Acima de 2 km",IF(J6<=50,"1. Até 50 m",IF(J6<=100,"2. De 50 a 100 m",IF(J6<=200,"3. De 100 a 200 m",IF(J6<=300,"4. De 200 a 300 m",IF(J6<=500,"5. De 300 a 500 m","6. De 500 m a 2 km")))))) -> 7. Acima de 2 km | L6: 0 | M6: 0 | N6: 0 | O6: 0 | P6: -12.184316 | Q6: -38.504754 | R6: FÓRUM DES. MOACYR PITTA LIMA, AVENIDA AIRTON SENNA, S/N, ALAGOINHAS VELHA, ALAGOINHAS/BA | S6: =IF(A6=A5,0,1) -> 0 | T6: =IF(COUNTIF($B$4:B6,B6)=1,1,0) -> 0
A7: ALAGOINHAS | B7: 163 | C7: 1139 | D7: GINÁSIO MIGUEL FONTES | E7: DISTRITO BOA UNIÃO | F7: RUA MANOEL TEIXEIRA LEAL - ZONA RURAL | G7: 48103-000 | H7: 5 | I7: NÃO | K7: =IF(J7="","7. Acima de 2 km",IF(J7<=50,"1. Até 50 m",IF(J7<=100,"2. De 50 a 100 m",IF(J7<=200,"3. De 100 a 200 m",IF(J7<=300,"4. De 200 a 300 m",IF(J7<=500,"5. De 300 a 500 m","6. De 500 m a 2 km")))))) -> 7. Acima de 2 km | L7: 0 | M7: 0 | N7: 0 | O7: 0 | P7: -12.187157 | Q7: -38.506306 | R7: FÓRUM DES. MOACYR PITTA LIMA, AVENIDA AIRTON SENNA, S/N, ALAGOINHAS VELHA, ALAGOINHAS/BA | S7: =IF(A7=A6,0,1) -> 0 | T7: =IF(COUNTIF($B$4:B7,B7)=1,1,0) -> 0
A8: ALAGOINHAS | B8: 163 | C8: 1147 | D8: COLÉGIO ESTADUAL DEPUTADO LUIS EDUARDO MAGALHÃES | E8: BARREIRO | F8: RUA MARGEM DA LINHA - ZONA URBANA | G8: 48022-100 | H8: 10 | I8: NÃO | J8: 171.3 | K8: =IF(J8="","7. Acima de 2 km",IF(J8<=50,"1. Até 50 m",IF(J8<=100,"2. De 50 a 100 m",IF(J8<=200,"3. De 100 a 200 m",IF(J8<=300,"4. De 200 a 300 m",IF(J8<=500,"5. De 300 a 500 m","6. De 500 m a 2 km")))))) -> 3. De 100 a 200 m | L8: 0 | M8: 0 | N8: 1 | O8: 1 | P8: -12.139834 | Q8: -38.439263 | R8: FÓRUM DES. MOACYR PITTA LIMA, AVENIDA AIRTON SENNA, S/N, ALAGOINHAS VELHA, ALAGOINHAS/BA | S8: =IF(A8=A7,0,1) -> 0 | T8: =IF(COUNTIF($B$4:B8,B8)=1,1,0) -> 0
A9: ALAGOINHAS | B9: 163 | C9: 1163 | D9: COLÉGIO DA POLÍCIA MILITAR | E9: SILVA JARDIM | F9: RUA ARTHUR PEREIRA DE AZEVEDO - S/N - ZONA URBANA | G9: 48021-740 | H9: 24 | I9: NÃO | J9: 486.9 | K9: =IF(J9="","7. Acima de 2 km",IF(J9<=50,"1. Até 50 m",IF(J9<=100,"2. De 50 a 100 m",IF(J9<=200,"3. De 100 a 200 m",IF(J9<=300,"4. De 200 a 300 m",IF(J9<=500,"5. De 300 a 500 m","6. De 500 m a 2 km")))))) -> 5. De 300 a 500 m | L9: 0 | M9: 0 | N9: 0 | O9: 0 | P9: -12.139271 | Q9: -38.434335 | R9: FÓRUM DES. MOACYR PITTA LIMA, AVENIDA AIRTON SENNA, S/N, ALAGOINHAS VELHA, ALAGOINHAS/BA | S9: =IF(A9=A8,0,1) -> 0 | T9: =IF(COUNTIF($B$4:B9,B9)=1,1,0) -> 0
A10: ALAGOINHAS | B10: 163 | C10: 1210 | D10: ESCOLA MARIA JOSÉ BASTOS DA SILVA | E10: SILVA JARDIM | F10: RUA ARTHUR PEREIRA DE AZEVEDO- ZONA URBANA | G10: 48021-740 | H10: 9 | I10: NÃO | J10: 509.6 | K10: =IF(J10="","7. Acima de 2 km",IF(J10<=50,"1. Até 50 m",IF(J10<=100,"2. De 50 a 100 m",IF(J10<=200,"3. De 100 a 200 m",IF(J10<=300,"4. De 200 a 300 m",IF(J10<=500,"5. De 300 a 500 m","6. De 500 m a 2 km")))))) -> 6. De 500 m a 2 km | L10: 0 | M10: 0 | N10: 0 | O10: 0 | P10: -12.140387 | Q10: -38.435213 | R10: FÓRUM DES. MOACYR PITTA LIMA, AVENIDA AIRTON SENNA, S/N, ALAGOINHAS VELHA, ALAGOINHAS/BA | S10: =IF(A10=A9,0,1) -> 0 | T10: =IF(COUNTIF($B$4:B10,B10)=1,1,0) -> 0
A11: ALAGOINHAS | B11: 163 | C11: 1252 | D11: ESCOLA MUNICIPAL JOSÉ HONORATO | E11: MIGUEL VELHO | F11: RUA GALDÊNCIO DE SOUZA, S/N, MIGUEL VELHO - ZONA URBANA | G11: 48024-305 | H11: 4 | I11: NÃO | J11: 136.9 | K11: =IF(J11="","7. Acima de 2 km",IF(J11<=50,"1. Até 50 m",IF(J11<=100,"2. De 50 a 100 m",IF(J11<=200,"3. De 100 a 200 m",IF(J11<=300,"4. De 200 a 300 m",IF(J11<=500,"5. De 300 a 500 m","6. De 500 m a 2 km")))))) -> 3. De 100 a 200 m | L11: 0 | M11: 0 | N11: 1 | O11: 1 | P11: -12.141456 | Q11: -38.466104 | R11: FÓRUM DES. MOACYR PITTA LIMA, AVENIDA AIRTON SENNA, S/N, ALAGOINHAS VELHA, ALAGOINHAS/BA | S11: =IF(A11=A10,0,1) -> 0 | T11: =IF(COUNTIF($B$4:B11,B11)=1,1,0) -> 0
A12: ALAGOINHAS | B12: 163 | C12: 1317 | D12: ASSOCIAÇÃO SOLIDÁRIA DO QUIZAMBU | E12: RIACHO DA GUIA | F12: POVOADO QUIZAMBU - ZONA RURAL | G12: 48000-000 | H12: 2 | I12: NÃO | K12: =IF(J12="","7. Acima de 2 km",IF(J12<=50,"1. Até 50 m",IF(J12<=100,"2. De 50 a 100 m",IF(J12<=200,"3. De 100 a 200 m",IF(J12<=300,"4. De 200 a 300 m",IF(J12<=500,"5. De 300 a 500 m","6. De 500 m a 2 km")))))) -> 7. Acima de 2 km | L12: 0 | M12: 0 | N12: 0 | O12: 0 | P12: -11.938722 | Q12: -38.404857 | R12: FÓRUM DES. MOACYR PITTA LIMA, AVENIDA AIRTON SENNA, S/N, ALAGOINHAS VELHA, ALAGOINHAS/BA | S12: =IF(A12=A11,0,1) -> 0 | T12: =IF(COUNTIF($B$4:B12,B12)=1,1,0) -> 0
A13: ALAGOINHAS | B13: 163 | C13: 1325 | D13: ESCOLA MUNICIPAL PROFESSOR MARIO LAERT | E13: BARREIRO | F13: RUA DR MURILO CAVALCANTE, 372, BARREIRO | G13: 48022-025 | H13: 3 | I13: NÃO | J13: 105.2 | K13: =IF(J13="","7. Acima de 2 km",IF(J13<=50,"1. Até 50 m",IF(J13<=100,"2. De 50 a 100 m",IF(J13<=200,"3. De 100 a 200 m",IF(J13<=300,"4. De 200 a 300 m",IF(J13<=500,"5. De 300 a 500 m","6. De 500 m a 2 km")))))) -> 3. De 100 a 200 m | L13: 0 | M13: 0 | N13: 1 | O13: 1 | P13: -12.134866 | Q13: -38.435681 | R13: FÓRUM DES. MOACYR PITTA LIMA, AVENIDA AIRTON SENNA, S/N, ALAGOINHAS VELHA, ALAGOINHAS/BA | S13: =IF(A13=A12,0,1) -> 0 | T13: =IF(COUNTIF($B$4:B13,B13)=1,1,0) -> 0
A14: ALAGOINHAS | B14: 163 | C14: 1333 | D14: ESCOLA MUNICIPAL TANCREDO DE ALMEIDA NEVES | E14: BARREIRO | F14: RUA DO AVIÃO, S/N - BARREIRO, ZONA URBANA | G14: 48022-195 | H14: 6 | I14: SIM | J14: 61.9 | K14: =IF(J14="","7. Acima de 2 km",IF(J14<=50,"1. Até 50 m",IF(J14<=100,"2. De 50 a 100 m",IF(J14<=200,"3. De 100 a 200 m",IF(J14<=300,"4. De 200 a 300 m",IF(J14<=500,"5. De 300 a 500 m","6. De 500 m a 2 km")))))) -> 2. De 50 a 100 m | L14: 0 | M14: 1 | N14: 1 | O14: 1 | P14: -12.138329 | Q14: -38.439954 | R14: FÓRUM DES. MOACYR PITTA LIMA, AVENIDA AIRTON SENNA, S/N, ALAGOINHAS VELHA, ALAGOINHAS/BA | S14: =IF(A14=A13,0,1) -> 0 | T14: =IF(COUNTIF($B$4:B14,B14)=1,1,0) -> 0
A15: ALAGOINHAS | B15: 163 | C15: 1350 | D15: FACULDADE SANTO ANTONIO | E15: CATU | F15: RUA CONSELHEIRO JUNQUEIRA, S/N - ZONA URBANA | G15: 48015-020 | H15: 8 | I15: NÃO | J15: 819.5 | K15: =IF(J15="","7. Acima de 2 km",IF(J15<=50,"1. Até 50 m",IF(J15<=100,"2. De 50 a 100 m",IF(J15<=200,"3. De 100 a 200 m",IF(J15<=300,"4. De 200 a 300 m",IF(J15<=500,"5. De 300 a 500 m","6. De 500 m a 2 km")))))) -> 6. De 500 m a 2 km | L15: 0 | M15: 0 | N15: 0 | O15: 0 | P15: -12.112577 | Q15: -38.437906 | R15: FÓRUM DES. MOACYR PITTA LIMA, AVENIDA AIRTON SENNA, S/N, ALAGOINHAS VELHA, ALAGOINHAS/BA | S15: =IF(A15=A14,0,1) -> 0 | T15: =IF(COUNTIF($B$4:B15,B15)=1,1,0) -> 0
A16: ALAGOINHAS | B16: 163 | C16: 1368 | D16: ESCOLA MUNICIPAL QUILOMBOLA PROFESSOR JOÃO ANASTÁCIO | E16: DISTRITO BOA UNIÃO | F16: POVOADO CANGULA, DISTRITO DE BOA UNIÃO | G16: 48024-899 | H16: 1 | I16: NÃO | K16: =IF(J16="","7. Acima de 2 km",IF(J16<=50,"1. Até 50 m",IF(J16<=100,"2. De 50 a 100 m",IF(J16<=200,"3. De 100 a 200 m",IF(J16<=300,"4. De 200 a 300 m",IF(J16<=500,"5. De 300 a 500 m","6. De 500 m a 2 km")))))) -> 7. Acima de 2 km | L16: 0 | M16: 0 | N16: 0 | O16: 0 | P16: -12.17847 | Q16: -38.489673 | R16: FÓRUM DES. MOACYR PITTA LIMA, AVENIDA AIRTON SENNA, S/N, ALAGOINHAS VELHA, ALAGOINHAS/BA | S16: =IF(A16=A15,0,1) -> 0 | T16: =IF(COUNTIF($B$4:B16,B16)=1,1,0) -> 0
A17: ALAGOINHAS | B17: 163 | C17: 1376 | D17: COLÉGIO ESTADUAL JÚLIO LEAL DE ARAÚJO | E17: MANGALÔ | F17: AV. MARECHAL ARISTÓTELES DE SOUZA DANTAS, BAIRRO MANGALÔ- ZONA URBANA | G17: 48005-470 | H17: 2 | I17: NÃO | J17: 1229 | K17: =IF(J17="","7. Acima de 2 km",IF(J17<=50,"1. Até 50 m",IF(J17<=100,"2. De 50 a 100 m",IF(J17<=200,"3. De 100 a 200 m",IF(J17<=300,"4. De 200 a 300 m",IF(J17<=500,"5. De 300 a 500 m","6. De 500 m a 2 km")))))) -> 6. De 500 m a 2 km | L17: 0 | M17: 0 | N17: 0 | O17: 0 | P17: -12.149122 | Q17: -38.443111 | R17: FÓRUM DES. MOACYR PITTA LIMA, AVENIDA AIRTON SENNA, S/N, ALAGOINHAS VELHA, ALAGOINHAS/BA | S17: =IF(A17=A16,0,1) -> 0 | T17: =IF(COUNTIF($B$4:B17,B17)=1,1,0) -> 0
A18: ALAGOINHAS | B18: 163 | C18: 1384 | D18: ESCOLA PROFESSOR ROBERTO SANTOS | E18: 21 DE SETEMBRO | F18: RUA 21 DE SETEMBRO, S/N - BARREIRO, ZONA URBANA | G18: 48022-035 | H18: 3 | I18: NÃO | J18: 550.3 | K18: =IF(J18="","7. Acima de 2 km",IF(J18<=50,"1. Até 50 m",IF(J18<=100,"2. De 50 a 100 m",IF(J18<=200,"3. De 100 a 200 m",IF(J18<=300,"4. De 200 a 300 m",IF(J18<=500,"5. De 300 a 500 m","6. De 500 m a 2 km")))))) -> 6. De 500 m a 2 km | L18: 0 | M18: 0 | N18: 0 | O18: 0 | P18: -12.131267 | Q18: -38.439221 | R18: FÓRUM DES. MOACYR PITTA LIMA, AVENIDA AIRTON SENNA, S/N, ALAGOINHAS VELHA, ALAGOINHAS/BA | S18: =IF(A18=A17,0,1) -> 0 | T18: =IF(COUNTIF($B$4:B18,B18)=1,1,0) -> 0
A19: ALAGOINHAS | B19: 163 | C19: 1414 | D19: ESCOLA MUNICIPAL JOANA D'ARC | E19: DOIS DE JULHO | F19: PARQUE SENHOR DO BONFIM - 2 DE JULHO- ZONA URBANA | G19: 48050-000 | H19: 3 | I19: NÃO | J19: 1353 | K19: =IF(J19="","7. Acima de 2 km",IF(J19<=50,"1. Até 50 m",IF(J19<=100,"2. De 50 a 100 m",IF(J19<=200,"3. De 100 a 200 m",IF(J19<=300,"4. De 200 a 300 m",IF(J19<=500,"5. De 300 a 500 m","6. De 500 m a 2 km")))))) -> 6. De 500 m a 2 km | L19: 0 | M19: 0 | N19: 0 | O19: 0 | P19: -12.152558 | Q19: -38.430549 | R19: FÓRUM DES. MOACYR PITTA LIMA, AVENIDA AIRTON SENNA, S/N, ALAGOINHAS VELHA, ALAGOINHAS/BA | S19: =IF(A19=A18,0,1) -> 0 | T19: =IF(COUNTIF($B$4:B19,B19)=1,1,0) -> 0
A20: ALAGOINHAS | B20: 163 | C20: 1422 | D20: ESCOLA MUNICIPAL PAULO FREIRE | E20: SILVA JARDIM | F20: RUA GETÚLIO VARGAS, S/N, PARQUE VITÓRIA, ZONA URBANA | G20: 48070-040 | H20: 4 | I20: NÃO | J20: 263.4 | K20: =IF(J20="","7. Acima de 2 km",IF(J20<=50,"1. Até 50 m",IF(J20<=100,"2. De 50 a 100 m",IF(J20<=200,"3. De 100 a 200 m",IF(J20<=300,"4. De 200 a 300 m",IF(J20<=500,"5. De 300 a 500 m","6. De 500 m a 2 km")))))) -> 4. De 200 a 300 m | L20: 0 | M20: 0 | N20: 0 | O20: 1 | P20: -12.13692 | Q20: -38.433035 | R20: FÓRUM DES. MOACYR PITTA LIMA, AVENIDA AIRTON SENNA, S/N, ALAGOINHAS VELHA, ALAGOINHAS/BA | S20: =IF(A20=A19,0,1) -> 0 | T20: =IF(COUNTIF($B$4:B20,B20)=1,1,0) -> 0
A21: ALAGOINHAS | B21: 163 | C21: 1430 | D21: ESCOLA MUNICIPAL MENINO JESUS | E21: TEREZÓPOLIS | F21: RUA DOM AVELAR BRANDÃO VILELA, 498 - ZONA URBANA | G21: 48022-010 | H21: 3 | I21: NÃO | J21: 450.4 | K21: =IF(J21="","7. Acima de 2 km",IF(J21<=50,"1. Até 50 m",IF(J21<=100,"2. De 50 a 100 m",IF(J21<=200,"3. De 100 a 200 m",IF(J21<=300,"4. De 200 a 300 m",IF(J21<=500,"5. De 300 a 500 m","6. De 500 m a 2 km")))))) -> 5. De 300 a 500 m | L21: 0 | M21: 0 | N21: 0 | O21: 0 | P21: -12.131329 | Q21: -38.434401 | R21: FÓRUM DES. MOACYR PITTA LIMA, AVENIDA AIRTON SENNA, S/N, ALAGOINHAS VELHA, ALAGOINHAS/BA | S21: =IF(A21=A20,0,1) -> 0 | T21: =IF(COUNTIF($B$4:B21,B21)=1,1,0) -> 0
A22: ALAGOINHAS | B22: 163 | C22: 1457 | D22: ESCOLA MUNICIPAL GONÇALO MUNIZ | E22: DISTRITO BOA UNIÃO | F22: POVOADO PINDOBAL | G22: 48024-899 | H22: 2 | I22: NÃO | K22: =IF(J22="","7. Acima de 2 km",IF(J22<=50,"1. Até 50 m",IF(J22<=100,"2. De 50 a 100 m",IF(J22<=200,"3. De 100 a 200 m",IF(J22<=300,"4. De 200 a 300 m",IF(J22<=500,"5. De 300 a 500 m","6. De 500 m a 2 km")))))) -> 7. Acima de 2 km | L22: 0 | M22: 0 | N22: 0 | O22: 0 | P22: -12.265054 | Q22: -38.470854 | R22: FÓRUM DES. MOACYR PITTA LIMA, AVENIDA AIRTON SENNA, S/N, ALAGOINHAS VELHA, ALAGOINHAS/BA | S22: =IF(A22=A21,0,1) -> 0 | T22: =IF(COUNTIF($B$4:B22,B22)=1,1,0) -> 0
A23: ALAGOINHAS | B23: 163 | C23: 1465 | D23: ESCOLA MUNICIPAL MIGUEL CALMON - PRÉDIO 02 | E23: SANTA ISABEL | F23: RUA 1 DE JANEIRO SN - ZONA URBANA | G23: 48000-000 | H23: 3 | I23: NÃO | J23: 727.5 | K23: =IF(J23="","7. Acima de 2 km",IF(J23<=50,"1. Até 50 m",IF(J23<=100,"2. De 50 a 100 m",IF(J23<=200,"3. De 100 a 200 m",IF(J23<=300,"4. De 200 a 300 m",IF(J23<=500,"5. De 300 a 500 m","6. De 500 m a 2 km")))))) -> 6. De 500 m a 2 km | L23: 0 | M23: 0 | N23: 0 | O23: 0 | P23: -12.144975 | Q23: -38.432403 | R23: FÓRUM DES. MOACYR PITTA LIMA, AVENIDA AIRTON SENNA, S/N, ALAGOINHAS VELHA, ALAGOINHAS/BA | S23: =IF(A23=A22,0,1) -> 0 | T23: =IF(COUNTIF($B$4:B23,B23)=1,1,0) -> 0
A24: ALAGOINHAS | B24: 163 | C24: 1473 | D24: FATEC - FACULDADE DE TECNOLOGIA E CIÊNCIA DA BAHIA | E24: SANTA ISABEL | F24: RUA IZIDÓRIO CARNEIRO DOS SANTOS, 1.111, BAIRRO MANGALÔ, ZONA URBANA | G24: 48021-855 | H24: 23 | I24: NÃO | J24: 605.4 | K24: =IF(J24="","7. Acima de 2 km",IF(J24<=50,"1. Até 50 m",IF(J24<=100,"2. De 50 a 100 m",IF(J24<=200,"3. De 100 a 200 m",IF(J24<=300,"4. De 200 a 300 m",IF(J24<=500,"5. De 300 a 500 m","6. De 500 m a 2 km")))))) -> 6. De 500 m a 2 km | L24: 0 | M24: 0 | N24: 0 | O24: 0 | P24: -12.142899 | Q24: -38.436407 | R24: FÓRUM DES. MOACYR PITTA LIMA, AVENIDA AIRTON SENNA, S/N, ALAGOINHAS VELHA, ALAGOINHAS/BA | S24: =IF(A24=A23,0,1) -> 0 | T24: =IF(COUNTIF($B$4:B24,B24)=1,1,0) -> 0
A25: ALAGOINHAS | B25: 163 | C25: 1490 | D25: ESCOLA DOS RODOVIÁRIOS | E25: PIRINEL | F25: RUA ÁUREA CRAVO, 138, PIRINEL - ZONA URBANA | G25: 48012-318 | H25: 6 | I25: NÃO | J25: 690.8 | K25: =IF(J25="","7. Acima de 2 km",IF(J25<=50,"1. Até 50 m",IF(J25<=100,"2. De 50 a 100 m",IF(J25<=200,"3. De 100 a 200 m",IF(J25<=300,"4. De 200 a 300 m",IF(J25<=500,"5. De 300 a 500 m","6. De 500 m a 2 km")))))) -> 6. De 500 m a 2 km | L25: 0 | M25: 0 | N25: 0 | O25: 0 | P25: -12.127476 | Q25: -38.417688 | R25: FÓRUM DES. MOACYR PITTA LIMA, AVENIDA AIRTON SENNA, S/N, ALAGOINHAS VELHA, ALAGOINHAS/BA | S25: =IF(A25=A24,0,1) -> 0 | T25: =IF(COUNTIF($B$4:B25,B25)=1,1,0) -> 0
A26: ALAGOINHAS | B26: 163 | C26: 1503 | D26: ESCOLA MUNICIPAL JARDIM PETROLAR | E26: JARDIM PETROLAR | F26: RUA SÃO FRANCISCO DE ASSIS, S/N - ZONA URBANA | G26: 48005-492 | H26: 2 | I26: NÃO | J26: 768.2 | K26: =IF(J26="","7. Acima de 2 km",IF(J26<=50,"1. Até 50 m",IF(J26<=100,"2. De 50 a 100 m",IF(J26<=200,"3. De 100 a 200 m",IF(J26<=300,"4. De 200 a 300 m",IF(J26<=500,"5. De 300 a 500 m","6. De 500 m a 2 km")))))) -> 6. De 500 m a 2 km | L26: 0 | M26: 0 | N26: 0 | O26: 0 | P26: -12.15244 | Q26: -38.412871 | R26: FÓRUM DES. MOACYR PITTA LIMA, AVENIDA AIRTON SENNA, S/N, ALAGOINHAS VELHA, ALAGOINHAS/BA | S26: =IF(A26=A25,0,1) -> 0 | T26: =IF(COUNTIF($B$4:B26,B26)=1,1,0) -> 0
A27: ALAGOINHAS | B27: 163 | C27: 1520 | D27: ESCOLA MUNICIPAL PADRE JOSÉ DE ANCHIETA | E27: POVOADO ESTEVÃO | F27: POVOADO ESTEVÃO - ZONA RURAL | G27: 48000-000 | H27: 3 | I27: NÃO | K27: =IF(J27="","7. Acima de 2 km",IF(J27<=50,"1. Até 50 m",IF(J27<=100,"2. De 50 a 100 m",IF(J27<=200,"3. De 100 a 200 m",IF(J27<=300,"4. De 200 a 300 m",IF(J27<=500,"5. De 300 a 500 m","6. De 500 m a 2 km")))))) -> 7. Acima de 2 km | L27: 0 | M27: 0 | N27: 0 | O27: 0 | P27: -12.184458 | Q27: -38.361798 | R27: FÓRUM DES. MOACYR PITTA LIMA, AVENIDA AIRTON SENNA, S/N, ALAGOINHAS VELHA, ALAGOINHAS/BA | S27: =IF(A27=A26,0,1) -> 0 | T27: =IF(COUNTIF($B$4:B27,B27)=1,1,0) -> 0
A28: ALAGOINHAS | B28: 163 | C28: 1538 | D28: FACULDADE UNOPAR | E28: CENTRO | F28: AV. ELVIRA DA COSTA DÓREA, N 277 - CENTRO, ZONA URBANA | G28: 48000-019 | H28: 9 | I28: NÃO | J28: 250.1 | K28: =IF(J28="","7. Acima de 2 km",IF(J28<=50,"1. Até 50 m",IF(J28<=100,"2. De 50 a 100 m",IF(J28<=200,"3. De 100 a 200 m",IF(J28<=300,"4. De 200 a 300 m",IF(J28<=500,"5. De 300 a 500 m","6. De 500 m a 2 km")))))) -> 4. De 200 a 300 m | L28: 0 | M28: 0 | N28: 0 | O28: 3 | P28: -12.138468 | Q28: -38.417252 | R28: FÓRUM DES. MOACYR PITTA LIMA, AVENIDA AIRTON SENNA, S/N, ALAGOINHAS VELHA, ALAGOINHAS/BA | S28: =IF(A28=A27,0,1) -> 0 | T28: =IF(COUNTIF($B$4:B28,B28)=1,1,0) -> 0
A29: ALAGOINHAS | B29: 163 | C29: 1554 | D29: ESCOLA ESTADUAL OSCAR CORDEIRO | E29: CENTRO | F29: AVENIDA LUIZ VIANA FILHO, S/N, CENTRO - ZONA URBANA | G29: 48005-420 | H29: 5 | I29: NÃO | J29: 820.4 | K29: =IF(J29="","7. Acima de 2 km",IF(J29<=50,"1. Até 50 m",IF(J29<=100,"2. De 50 a 100 m",IF(J29<=200,"3. De 100 a 200 m",IF(J29<=300,"4. De 200 a 300 m",IF(J29<=500,"5. De 300 a 500 m","6. De 500 m a 2 km")))))) -> 6. De 500 m a 2 km | L29: 0 | M29: 0 | N29: 0 | O29: 0 | P29: -12.148029 | Q29: -38.425553 | R29: FÓRUM DES. MOACYR PITTA LIMA, AVENIDA AIRTON SENNA, S/N, ALAGOINHAS VELHA, ALAGOINHAS/BA | S29: =IF(A29=A28,0,1) -> 0 | T29: =IF(COUNTIF($B$4:B29,B29)=1,1,0) -> 0
A30: ALAGOINHAS | B30: 163 | C30: 1562 | D30: COLÉGIO SÃO FRANCISCO | E30: CENTRO | F30: AVENIDA LAURO DE FREITAS, 198, CENTRO- ZONA URBANA | G30: 48000-103 | H30: 12 | I30: NÃO | J30: 140.6 | K30: =IF(J30="","7. Acima de 2 km",IF(J30<=50,"1. Até 50 m",IF(J30<=100,"2. De 50 a 100 m",IF(J30<=200,"3. De 100 a 200 m",IF(J30<=300,"4. De 200 a 300 m",IF(J30<=500,"5. De 300 a 500 m","6. De 500 m a 2 km")))))) -> 3. De 100 a 200 m | L30: 0 | M30: 0 | N30: 2 | O30: 2 | P30: -12.137588 | Q30: -38.417929 | R30: FÓRUM DES. MOACYR PITTA LIMA, AVENIDA AIRTON SENNA, S/N, ALAGOINHAS VELHA, ALAGOINHAS/BA | S30: =IF(A30=A29,0,1) -> 0 | T30: =IF(COUNTIF($B$4:B30,B30)=1,1,0) -> 0
A31: ALAGOINHAS | B31: 163 | C31: 1570 | D31: ESCOLA MUNICIPAL ADALGIZA SANTOS (ANEXO) | E31: CENTRO | F31: RUA LUIZ VIANA, 302, CENTRO - ZONA URBANA | G31: 48005-420 | H31: 3 | I31: NÃO | J31: 341.4 | K31: =IF(J31="","7. Acima de 2 km",IF(J31<=50,"1. Até 50 m",IF(J31<=100,"2. De 50 a 100 m",IF(J31<=200,"3. De 100 a 200 m",IF(J31<=300,"4. De 200 a 300 m",IF(J31<=500,"5. De 300 a 500 m","6. De 500 m a 2 km")))))) -> 5. De 300 a 500 m | L31: 0 | M31: 0 | N31: 0 | O31: 0 | P31: -12.143342 | Q31: -38.423943 | R31: FÓRUM DES. MOACYR PITTA LIMA, AVENIDA AIRTON SENNA, S/N, ALAGOINHAS VELHA, ALAGOINHAS/BA | S31: =IF(A31=A30,0,1) -> 0 | T31: =IF(COUNTIF($B$4:B31,B31)=1,1,0) -> 0
A32: ALAGOINHAS | B32: 163 | C32: 1589 | D32: ESCOLA VISCONDE DO RIO BRANCO | E32: POVOADO RIO BRANCO | F32: POVOADO RIO BRANCO - ZONA RURAL | G32: 48024-899 | H32: 2 | I32: NÃO | K32: =IF(J32="","7. Acima de 2 km",IF(J32<=50,"1. Até 50 m",IF(J32<=100,"2. De 50 a 100 m",IF(J32<=200,"3. De 100 a 200 m",IF(J32<=300,"4. De 200 a 300 m",IF(J32<=500,"5. De 300 a 500 m","6. De 500 m a 2 km")))))) -> 7. Acima de 2 km | L32: 0 | M32: 0 | N32: 0 | O32: 0 | P32: -12.098942 | Q32: -38.285706 | R32: FÓRUM DES. MOACYR PITTA LIMA, AVENIDA AIRTON SENNA, S/N, ALAGOINHAS VELHA, ALAGOINHAS/BA | S32: =IF(A32=A31,0,1) -> 0 | T32: =IF(COUNTIF($B$4:B32,B32)=1,1,0) -> 0
A33: ALAGOINHAS | B33: 163 | C33: 1597 | D33: ESCOLA MUNICIPAL IRENE ANDRADE DE ASSIS | E33: CENTRO | F33: RUA JOSE BATISTA DE LIRO SOBRINHO, S/N , ALAGOINHAS VELHA- ZONA URBANA | G33: 48007-526 | H33: 5 | I33: NÃO | J33: 163 | K33: =IF(J33="","7. Acima de 2 km",IF(J33<=50,"1. Até 50 m",IF(J33<=100,"2. De 50 a 100 m",IF(J33<=200,"3. De 100 a 200 m",IF(J33<=300,"4. De 200 a 300 m",IF(J33<=500,"5. De 300 a 500 m","6. De 500 m a 2 km")))))) -> 3. De 100 a 200 m | L33: 0 | M33: 0 | N33: 1 | O33: 2 | P33: -12.139998 | Q33: -38.412369 | R33: FÓRUM DES. MOACYR PITTA LIMA, AVENIDA AIRTON SENNA, S/N, ALAGOINHAS VELHA, ALAGOINHAS/BA | S33: =IF(A33=A32,0,1) -> 0 | T33: =IF(COUNTIF($B$4:B33,B33)=1,1,0) -> 0
A34: ALAGOINHAS | B34: 163 | C34: 1619 | D34: ESCOLA MUNICIPAL SANTA LUZIA | E34: POVOADO CALU | F34: POVOADO CALU - ZONA RURAL | G34: 48030-640 | H34: 1 | I34: NÃO | K34: =IF(J34="","7. Acima de 2 km",IF(J34<=50,"1. Até 50 m",IF(J34<=100,"2. De 50 a 100 m",IF(J34<=200,"3. De 100 a 200 m",IF(J34<=300,"4. De 200 a 300 m",IF(J34<=500,"5. De 300 a 500 m","6. De 500 m a 2 km")))))) -> 7. Acima de 2 km | L34: 0 | M34: 0 | N34: 0 | O34: 0 | P34: -12.162542 | Q34: -38.365642 | R34: FÓRUM DES. MOACYR PITTA LIMA, AVENIDA AIRTON SENNA, S/N, ALAGOINHAS VELHA, ALAGOINHAS/BA | S34: =IF(A34=A33,0,1) -> 0 | T34: =IF(COUNTIF($B$4:B34,B34)=1,1,0) -> 0
A35: ALAGOINHAS | B35: 163 | C35: 1627 | D35: COLÉGIO SANTÍSSIMO SACRAMENTO | E35: CENTRO | F35: RUA MARECHAL DEODORO, N 118 , CENTRO - ZONA URBANA | G35: 48000-067 | H35: 13 | I35: NÃO | J35: 133 | K35: =IF(J35="","7. Acima de 2 km",IF(J35<=50,"1. Até 50 m",IF(J35<=100,"2. De 50 a 100 m",IF(J35<=200,"3. De 100 a 200 m",IF(J35<=300,"4. De 200 a 300 m",IF(J35<=500,"5. De 300 a 500 m","6. De 500 m a 2 km")))))) -> 3. De 100 a 200 m | L35: 0 | M35: 0 | N35: 3 | O35: 4 | P35: -12.138635 | Q35: -38.420447 | R35: FÓRUM DES. MOACYR PITTA LIMA, AVENIDA AIRTON SENNA, S/N, ALAGOINHAS VELHA, ALAGOINHAS/BA | S35: =IF(A35=A34,0,1) -> 0 | T35: =IF(COUNTIF($B$4:B35,B35)=1,1,0) -> 0
A36: ALAGOINHAS | B36: 163 | C36: 1643 | D36: COLÉGIO UIRASSU DE ASSIS BATISTA | E36: SANTA TEREZINHA | F36: RUA MÁRMORE, S/N - ZONA URBANA | G36: 48020-000 | H36: 5 | I36: NÃO | J36: 264.2 | K36: =IF(J36="","7. Acima de 2 km",IF(J36<=50,"1. Até 50 m",IF(J36<=100,"2. De 50 a 100 m",IF(J36<=200,"3. De 100 a 200 m",IF(J36<=300,"4. De 200 a 300 m",IF(J36<=500,"5. De 300 a 500 m","6. De 500 m a 2 km")))))) -> 4. De 200 a 300 m | L36: 0 | M36: 0 | N36: 0 | O36: 1 | P36: -12.123152 | Q36: -38.415489 | R36: FÓRUM DES. MOACYR PITTA LIMA, AVENIDA AIRTON SENNA, S/N, ALAGOINHAS VELHA, ALAGOINHAS/BA | S36: =IF(A36=A35,0,1) -> 0 | T36: =IF(COUNTIF($B$4:B36,B36)=1,1,0) -> 0
A37: ALAGOINHAS | B37: 163 | C37: 1651 | D37: COLÉGIO MUNICIPAL DE ALAGOINHAS | E37: CENTRO | F37: PRAÇA PROF. MARIO LAERT, 421 - ZONA URBANA | G37: 48000-021 | H37: 16 | I37: NÃO | J37: 173.4 | K37: =IF(J37="","7. Acima de 2 km",IF(J37<=50,"1. Até 50 m",IF(J37<=100,"2. De 50 a 100 m",IF(J37<=200,"3. De 100 a 200 m",IF(J37<=300,"4. De 200 a 300 m",IF(J37<=500,"5. De 300 a 500 m","6. De 500 m a 2 km")))))) -> 3. De 100 a 200 m | L37: 0 | M37: 0 | N37: 1 | O37: 1 | P37: -12.139427 | Q37: -38.416266 | R37: FÓRUM DES. MOACYR PITTA LIMA, AVENIDA AIRTON SENNA, S/N, ALAGOINHAS VELHA, ALAGOINHAS/BA | S37: =IF(A37=A36,0,1) -> 0 | T37: =IF(COUNTIF($B$4:B37,B37)=1,1,0) -> 0
A38: ALAGOINHAS | B38: 163 | C38: 1660 | D38: COLÉGIO MODELO LUÍS EDUARDO MAGALHÃES | E38: CENTRO | F38: AV. LUIZ VIANA, S/N, CENTRO - ZONA URBANA | G38: 48005-420 | H38: 12 | I38: NÃO | J38: 762.3 | K38: =IF(J38="","7. Acima de 2 km",IF(J38<=50,"1. Até 50 m",IF(J38<=100,"2. De 50 a 100 m",IF(J38<=200,"3. De 100 a 200 m",IF(J38<=300,"4. De 200 a 300 m",IF(J38<=500,"5. De 300 a 500 m","6. De 500 m a 2 km")))))) -> 6. De 500 m a 2 km | L38: 0 | M38: 0 | N38: 0 | O38: 0 | P38: -12.147444 | Q38: -38.425367 | R38: FÓRUM DES. MOACYR PITTA LIMA, AVENIDA AIRTON SENNA, S/N, ALAGOINHAS VELHA, ALAGOINHAS/BA | S38: =IF(A38=A37,0,1) -> 0 | T38: =IF(COUNTIF($B$4:B38,B38)=1,1,0) -> 0
A39: ALAGOINHAS | B39: 163 | C39: 1678 | D39: ESCOLA MUNICIPAL MINISTRO MARCO MACIEL | E39: ALAGOINHAS VELHA | F39: AV. AYRTON SENNA DA SILVA, S/N - ZONA URBANA | G39: 48007-314 | H39: 4 | I39: SIM | J39: 89.3 | K39: =IF(J39="","7. Acima de 2 km",IF(J39<=50,"1. Até 50 m",IF(J39<=100,"2. De 50 a 100 m",IF(J39<=200,"3. De 100 a 200 m",IF(J39<=300,"4. De 200 a 300 m",IF(J39<=500,"5. De 300 a 500 m","6. De 500 m a 2 km")))))) -> 2. De 50 a 100 m | L39: 0 | M39: 1 | N39: 1 | O39: 1 | P39: -12.144036 | Q39: -38.403659 | R39: FÓRUM DES. MOACYR PITTA LIMA, AVENIDA AIRTON SENNA, S/N, ALAGOINHAS VELHA, ALAGOINHAS/BA | S39: =IF(A39=A38,0,1) -> 0 | T39: =IF(COUNTIF($B$4:B39,B39)=1,1,0) -> 0
A40: ALAGOINHAS | B40: 163 | C40: 1686 | D40: COLÉGIO HELENITA SANTANA DA COSTA | E40: POVOADO NARANDIBA | F40: RUA JOÃO BATISTA, S/N - ZONA RURAL | G40: 48010-700 | H40: 2 | I40: NÃO | K40: =IF(J40="","7. Acima de 2 km",IF(J40<=50,"1. Até 50 m",IF(J40<=100,"2. De 50 a 100 m",IF(J40<=200,"3. De 100 a 200 m",IF(J40<=300,"4. De 200 a 300 m",IF(J40<=500,"5. De 300 a 500 m","6. De 500 m a 2 km")))))) -> 7. Acima de 2 km | L40: 0 | M40: 0 | N40: 0 | O40: 0 | P40: -12.200193 | Q40: -38.399772 | R40: FÓRUM DES. MOACYR PITTA LIMA, AVENIDA AIRTON SENNA, S/N, ALAGOINHAS VELHA, ALAGOINHAS/BA | S40: =IF(A40=A39,0,1) -> 0 | T40: =IF(COUNTIF($B$4:B40,B40)=1,1,0) -> 0
A41: ALAGOINHAS | B41: 163 | C41: 1694 | D41: ESCOLA NOSSA SENHORA DOS MILAGRES | E41: POVOADO PAPAGAIO II | F41: PRAÇA DOS MILAGRES, S/N - ZONA RURAL | G41: 48000-000 | H41: 2 | I41: NÃO | K41: =IF(J41="","7. Acima de 2 km",IF(J41<=50,"1. Até 50 m",IF(J41<=100,"2. De 50 a 100 m",IF(J41<=200,"3. De 100 a 200 m",IF(J41<=300,"4. De 200 a 300 m",IF(J41<=500,"5. De 300 a 500 m","6. De 500 m a 2 km")))))) -> 7. Acima de 2 km | L41: 0 | M41: 0 | N41: 0 | O41: 0 | P41: -12.173664 | Q41: -38.331489 | R41: FÓRUM DES. MOACYR PITTA LIMA, AVENIDA AIRTON SENNA, S/N, ALAGOINHAS VELHA, ALAGOINHAS/BA | S41: =IF(A41=A40,0,1) -> 0 | T41: =IF(COUNTIF($B$4:B41,B41)=1,1,0) -> 0
A42: ALAGOINHAS | B42: 163 | C42: 1708 | D42: CETEP/LNAB - CENTRO TERRIT DE EDUC PROF DO LITORAL E DO AGRESTE BAIANO | E42: CENTRO | F42: RUA PROFESSORA MARIA FEIJÓ, N13, CENTRO | G42: 48000-023 | H42: 26 | I42: NÃO | J42: 302.3 | K42: =IF(J42="","7. Acima de 2 km",IF(J42<=50,"1. Até 50 m",IF(J42<=100,"2. De 50 a 100 m",IF(J42<=200,"3. De 100 a 200 m",IF(J42<=300,"4. De 200 a 300 m",IF(J42<=500,"5. De 300 a 500 m","6. De 500 m a 2 km")))))) -> 5. De 300 a 500 m | L42: 0 | M42: 0 | N42: 0 | O42: 0 | P42: -12.141057 | Q42: -38.416775 | R42: FÓRUM DES. MOACYR PITTA LIMA, AVENIDA AIRTON SENNA, S/N, ALAGOINHAS VELHA, ALAGOINHAS/BA | S42: =IF(A42=A41,0,1) -> 0 | T42: =IF(COUNTIF($B$4:B42,B42)=1,1,0) -> 0
A43: ALAGOINHAS | B43: 163 | C43: 1716 | D43: ESCOLA MUNICIPAL ALAGOINHAS IV | E43: ALAGOINHAS VELHA | F43: RUA 08 DE DEZEMBRO, S/N, NOVO HORIZONTE,, - ZONA URBANA | G43: 48010-366 | H43: 3 | I43: NÃO | J43: 1179.4 | K43: =IF(J43="","7. Acima de 2 km",IF(J43<=50,"1. Até 50 m",IF(J43<=100,"2. De 50 a 100 m",IF(J43<=200,"3. De 100 a 200 m",IF(J43<=300,"4. De 200 a 300 m",IF(J43<=500,"5. De 300 a 500 m","6. De 500 m a 2 km")))))) -> 6. De 500 m a 2 km | L43: 0 | M43: 0 | N43: 0 | O43: 0 | P43: -12.131564 | Q43: -38.403542 | R43: FÓRUM DES. MOACYR PITTA LIMA, AVENIDA AIRTON SENNA, S/N, ALAGOINHAS VELHA, ALAGOINHAS/BA | S43: =IF(A43=A42,0,1) -> 0 | T43: =IF(COUNTIF($B$4:B43,B43)=1,1,0) -> 0
A44: ALAGOINHAS | B44: 163 | C44: 1724 | D44: FACULDADE SANTÍSSIMO SACRAMENTO | E44: CENTRO | F44: PRIMEIRA TRAVESSA MARECHAL DEODORO, N 118 - ZONA URBANA | G44: 48000-067 | H44: 12 | I44: NÃO | J44: 225.6 | K44: =IF(J44="","7. Acima de 2 km",IF(J44<=50,"1. Até 50 m",IF(J44<=100,"2. De 50 a 100 m",IF(J44<=200,"3. De 100 a 200 m",IF(J44<=300,"4. De 200 a 300 m",IF(J44<=500,"5. De 300 a 500 m","6. De 500 m a 2 km")))))) -> 4. De 200 a 300 m | L44: 0 | M44: 0 | N44: 0 | O44: 4 | P44: -12.139464 | Q44: -38.420245 | R44: FÓRUM DES. MOACYR PITTA LIMA, AVENIDA AIRTON SENNA, S/N, ALAGOINHAS VELHA, ALAGOINHAS/BA | S44: =IF(A44=A43,0,1) -> 0 | T44: =IF(COUNTIF($B$4:B44,B44)=1,1,0) -> 0
A45: ALAGOINHAS | B45: 163 | C45: 1740 | D45: COLEGIO ESTADUAL LUIZ NAVARRO DE BRITO | E45: CENTRO | F45: RUA 13 DE JUNHO, S/N, CENTRO | G45: 48000-031 | H45: 20 | I45: NÃO | J45: 293.6 | K45: =IF(J45="","7. Acima de 2 km",IF(J45<=50,"1. Até 50 m",IF(J45<=100,"2. De 50 a 100 m",IF(J45<=200,"3. De 100 a 200 m",IF(J45<=300,"4. De 200 a 300 m",IF(J45<=500,"5. De 300 a 500 m","6. De 500 m a 2 km")))))) -> 4. De 200 a 300 m | L45: 0 | M45: 0 | N45: 0 | O45: 1 | P45: -12.141456 | Q45: -38.416194 | R45: FÓRUM DES. MOACYR PITTA LIMA, AVENIDA AIRTON SENNA, S/N, ALAGOINHAS VELHA, ALAGOINHAS/BA | S45: =IF(A45=A44,0,1) -> 0 | T45: =IF(COUNTIF($B$4:B45,B45)=1,1,0) -> 0
A46: ALAGOINHAS | B46: 163 | C46: 1759 | D46: ESCOLA MUNICIPAL PROFESSORA LUZIA MARGARIDA PINTO | E46: POVOADO PONTO DO BEIJU | F46: KM 09, BR 110 - ZONA RURAL | G46: 48000-100 | H46: 2 | I46: NÃO | K46: =IF(J46="","7. Acima de 2 km",IF(J46<=50,"1. Até 50 m",IF(J46<=100,"2. De 50 a 100 m",IF(J46<=200,"3. De 100 a 200 m",IF(J46<=300,"4. De 200 a 300 m",IF(J46<=500,"5. De 300 a 500 m","6. De 500 m a 2 km")))))) -> 7. Acima de 2 km | L46: 0 | M46: 0 | N46: 0 | O46: 0 | P46: -12.228271 | Q46: -38.41213 | R46: FÓRUM DES. MOACYR PITTA LIMA, AVENIDA AIRTON SENNA, S/N, ALAGOINHAS VELHA, ALAGOINHAS/BA | S46: =IF(A46=A45,0,1) -> 0 | T46: =IF(COUNTIF($B$4:B46,B46)=1,1,0) -> 0
A47: ALAGOINHAS | B47: 163 | C47: 1767 | D47: COLÉGIO ESTADUAL BRAZILINO VIEGAS | E47: CENTRO | F47: AV. MARECHAL BITTENCOURT, 182, CENTRO - ZONA URBANA | G47: 48000-141 | H47: 8 | I47: SIM | J47: 19.4 | K47: =IF(J47="","7. Acima de 2 km",IF(J47<=50,"1. Até 50 m",IF(J47<=100,"2. De 50 a 100 m",IF(J47<=200,"3. De 100 a 200 m",IF(J47<=300,"4. De 200 a 300 m",IF(J47<=500,"5. De 300 a 500 m","6. De 500 m a 2 km")))))) -> 1. Até 50 m | L47: 1 | M47: 2 | N47: 3 | O47: 3 | P47: -12.133866 | Q47: -38.422465 | R47: FÓRUM DES. MOACYR PITTA LIMA, AVENIDA AIRTON SENNA, S/N, ALAGOINHAS VELHA, ALAGOINHAS/BA | S47: =IF(A47=A46,0,1) -> 0 | T47: =IF(COUNTIF($B$4:B47,B47)=1,1,0) -> 0
A48: ALAGOINHAS | B48: 163 | C48: 1791 | D48: CENTRO EDUCACIONAL MURILO COELHO CAVALCANTI | E48: KENNEDY | F48: RUA JOSÉ JOAQUIM LEAL, S/N - ZONA URBANA | G48: 48013-224 | H48: 11 | I48: NÃO | J48: 637.4 | K48: =IF(J48="","7. Acima de 2 km",IF(J48<=50,"1. Até 50 m",IF(J48<=100,"2. De 50 a 100 m",IF(J48<=200,"3. De 100 a 200 m",IF(J48<=300,"4. De 200 a 300 m",IF(J48<=500,"5. De 300 a 500 m","6. De 500 m a 2 km")))))) -> 6. De 500 m a 2 km | L48: 0 | M48: 0 | N48: 0 | O48: 0 | P48: -12.130762 | Q48: -38.413517 | R48: FÓRUM DES. MOACYR PITTA LIMA, AVENIDA AIRTON SENNA, S/N, ALAGOINHAS VELHA, ALAGOINHAS/BA | S48: =IF(A48=A47,0,1) -> 0 | T48: =IF(COUNTIF($B$4:B48,B48)=1,1,0) -> 0
A49: ALAGOINHAS | B49: 163 | C49: 1813 | D49: ESCOLA ESTADUAL DE 1.º GRAU SÃO FRANCISCO | E49: ALAGOINHAS VELHA | F49: RUA MANOEL RUMÃO, S/N - ZONA URBANA | G49: 48010-470 | H49: 7 | I49: NÃO | J49: 176.2 | K49: =IF(J49="","7. Acima de 2 km",IF(J49<=50,"1. Até 50 m",IF(J49<=100,"2. De 50 a 100 m",IF(J49<=200,"3. De 100 a 200 m",IF(J49<=300,"4. De 200 a 300 m",IF(J49<=500,"5. De 300 a 500 m","6. De 500 m a 2 km")))))) -> 3. De 100 a 200 m | L49: 0 | M49: 0 | N49: 1 | O49: 1 | P49: -12.145687 | Q49: -38.404449 | R49: FÓRUM DES. MOACYR PITTA LIMA, AVENIDA AIRTON SENNA, S/N, ALAGOINHAS VELHA, ALAGOINHAS/BA | S49: =IF(A49=A48,0,1) -> 0 | T49: =IF(COUNTIF($B$4:B49,B49)=1,1,0) -> 0
A50: ALAGOINHAS | B50: 163 | C50: 1856 | D50: ESCOLA MUNICIPAL PÉRICLES NOGUEIRA MAGALHÃES | E50: POVOADO CONCEIÇÃO | F50: FAZENDA CONCEIÇÃO - ZONA RURAL | G50: 48000-000 | H50: 1 | I50: NÃO | K50: =IF(J50="","7. Acima de 2 km",IF(J50<=50,"1. Até 50 m",IF(J50<=100,"2. De 50 a 100 m",IF(J50<=200,"3. De 100 a 200 m",IF(J50<=300,"4. De 200 a 300 m",IF(J50<=500,"5. De 300 a 500 m","6. De 500 m a 2 km")))))) -> 7. Acima de 2 km | L50: 0 | M50: 0 | N50: 0 | O50: 0 | P50: -11.94272 | Q50: -38.466078 | R50: FÓRUM DES. MOACYR PITTA LIMA, AVENIDA AIRTON SENNA, S/N, ALAGOINHAS VELHA, ALAGOINHAS/BA | S50: =IF(A50=A49,0,1) -> 0 | T50: =IF(COUNTIF($B$4:B50,B50)=1,1,0) -> 0
A51: ALAGOINHAS | B51: 163 | C51: 1872 | D51: IFBAIANO - ALAGOINHAS | E51: ALAGOINHAS VELHA | F51: AVENIDA MANOEL ROMÃO, 152/166- ZONA URBANA | G51: 48007-656 | H51: 9 | I51: NÃO | J51: 301 | K51: =IF(J51="","7. Acima de 2 km",IF(J51<=50,"1. Até 50 m",IF(J51<=100,"2. De 50 a 100 m",IF(J51<=200,"3. De 100 a 200 m",IF(J51<=300,"4. De 200 a 300 m",IF(J51<=500,"5. De 300 a 500 m","6. De 500 m a 2 km")))))) -> 5. De 300 a 500 m | L51: 0 | M51: 0 | N51: 0 | O51: 0 | P51: -12.146474 | Q51: -38.403142 | R51: FÓRUM DES. MOACYR PITTA LIMA, AVENIDA AIRTON SENNA, S/N, ALAGOINHAS VELHA, ALAGOINHAS/BA | S51: =IF(A51=A50,0,1) -> 0 | T51: =IF(COUNTIF($B$4:B51,B51)=1,1,0) -> 0
A52: ALAGOINHAS | B52: 163 | C52: 1899 | D52: COLÉGIO STAR | E52: CENTRO | F52: AV. LUIS VIANA, S/N - ZONA URBANA | G52: 48000-207 | H52: 8 | I52: NÃO | J52: 170.3 | K52: =IF(J52="","7. Acima de 2 km",IF(J52<=50,"1. Até 50 m",IF(J52<=100,"2. De 50 a 100 m",IF(J52<=200,"3. De 100 a 200 m",IF(J52<=300,"4. De 200 a 300 m",IF(J52<=500,"5. De 300 a 500 m","6. De 500 m a 2 km")))))) -> 3. De 100 a 200 m | L52: 0 | M52: 0 | N52: 1 | O52: 4 | P52: -12.141433 | Q52: -38.423538 | R52: FÓRUM DES. MOACYR PITTA LIMA, AVENIDA AIRTON SENNA, S/N, ALAGOINHAS VELHA, ALAGOINHAS/BA | S52: =IF(A52=A51,0,1) -> 0 | T52: =IF(COUNTIF($B$4:B52,B52)=1,1,0) -> 0
A53: ALAGOINHAS | B53: 163 | C53: 1902 | D53: SM ESCOLA SONHO MEU | E53: BARREIRO | F53: PRACA HUGO DANTAS LUMA, 2 TRAV ANTONIO CARNEIRO, 77 - ZONA URBANA | G53: 48022-050 | H53: 2 | I53: SIM | J53: 80.3 | K53: =IF(J53="","7. Acima de 2 km",IF(J53<=50,"1. Até 50 m",IF(J53<=100,"2. De 50 a 100 m",IF(J53<=200,"3. De 100 a 200 m",IF(J53<=300,"4. De 200 a 300 m",IF(J53<=500,"5. De 300 a 500 m","6. De 500 m a 2 km")))))) -> 2. De 50 a 100 m | L53: 0 | M53: 1 | N53: 1 | O53: 1 | P53: -12.13576 | Q53: -38.437117 | R53: FÓRUM DES. MOACYR PITTA LIMA, AVENIDA AIRTON SENNA, S/N, ALAGOINHAS VELHA, ALAGOINHAS/BA | S53: =IF(A53=A52,0,1) -> 0 | T53: =IF(COUNTIF($B$4:B53,B53)=1,1,0) -> 0
A54: ALAGOINHAS | B54: 163 | C54: 1910 | D54: SENAI - SERVIÇO NACIONAL DE APRENDIZAGEM INDUSTRIAL | E54: CENTRO | F54: PRAÇA BARÃO DO RIO BRANCO, 55 | G54: 48005-135 | H54: 11 | I54: NÃO | J54: 124.9 | K54: =IF(J54="","7. Acima de 2 km",IF(J54<=50,"1. Até 50 m",IF(J54<=100,"2. De 50 a 100 m",IF(J54<=200,"3. De 100 a 200 m",IF(J54<=300,"4. De 200 a 300 m",IF(J54<=500,"5. De 300 a 500 m","6. De 500 m a 2 km")))))) -> 3. De 100 a 200 m | L54: 0 | M54: 0 | N54: 2 | O54: 9 | P54: -12.138473 | Q54: -38.427789 | R54: FÓRUM DES. MOACYR PITTA LIMA, AVENIDA AIRTON SENNA, S/N, ALAGOINHAS VELHA, ALAGOINHAS/BA | S54: =IF(A54=A53,0,1) -> 0 | T54: =IF(COUNTIF($B$4:B54,B54)=1,1,0) -> 0
A55: ALAGOINHAS | B55: 163 | C55: 1937 | D55: ESCOLA MUNICIPAL MARIA FEIJÓ | E55: 10 DE NOVEMBRO | F55: RUA DOM AVELAR BRANDÃO VILELA, S/N, TERESOPOLIS - ZONA URBANA | G55: 48018-165 | H55: 3 | I55: NÃO | J55: 892.7 | K55: =IF(J55="","7. Acima de 2 km",IF(J55<=50,"1. Até 50 m",IF(J55<=100,"2. De 50 a 100 m",IF(J55<=200,"3. De 100 a 200 m",IF(J55<=300,"4. De 200 a 300 m",IF(J55<=500,"5. De 300 a 500 m","6. De 500 m a 2 km")))))) -> 6. De 500 m a 2 km | L55: 0 | M55: 0 | N55: 0 | O55: 0 | P55: -12.127478 | Q55: -38.437672 | R55: FÓRUM DES. MOACYR PITTA LIMA, AVENIDA AIRTON SENNA, S/N, ALAGOINHAS VELHA, ALAGOINHAS/BA | S55: =IF(A55=A54,0,1) -> 0 | T55: =IF(COUNTIF($B$4:B55,B55)=1,1,0) -> 0
A56: ALAGOINHAS | B56: 163 | C56: 1945 | D56: ESCOLA MUNICIPAL ISAIAS FIGUEIREDO | E56: RUA DO CATU | F56: AVENIDA IMACULADA CONCEIÇÃO, S/N - ZONA URBANA | G56: 48090-050 | H56: 3 | I56: NÃO | J56: 1194.5 | K56: =IF(J56="","7. Acima de 2 km",IF(J56<=50,"1. Até 50 m",IF(J56<=100,"2. De 50 a 100 m",IF(J56<=200,"3. De 100 a 200 m",IF(J56<=300,"4. De 200 a 300 m",IF(J56<=500,"5. De 300 a 500 m","6. De 500 m a 2 km")))))) -> 6. De 500 m a 2 km | L56: 0 | M56: 0 | N56: 0 | O56: 0 | P56: -12.124144 | Q56: -38.430211 | R56: FÓRUM DES. MOACYR PITTA LIMA, AVENIDA AIRTON SENNA, S/N, ALAGOINHAS VELHA, ALAGOINHAS/BA | S56: =IF(A56=A55,0,1) -> 0 | T56: =IF(COUNTIF($B$4:B56,B56)=1,1,0) -> 0
A57: ALAGOINHAS | B57: 163 | C57: 1961 | D57: ESCOLA MUNICIPAL PROFESSOR MAURÍLIO JOSÉ DO ESPÍRITO SANTO | E57: SÃO FRANCISCO | F57: RUA DAS ANDORINHAS, S/N | G57: 48020-525 | H57: 4 | I57: NÃO | J57: 794.2 | K57: =IF(J57="","7. Acima de 2 km",IF(J57<=50,"1. Até 50 m",IF(J57<=100,"2. De 50 a 100 m",IF(J57<=200,"3. De 100 a 200 m",IF(J57<=300,"4. De 200 a 300 m",IF(J57<=500,"5. De 300 a 500 m","6. De 500 m a 2 km")))))) -> 6. De 500 m a 2 km | L57: 0 | M57: 0 | N57: 0 | O57: 0 | P57: -12.113917 | Q57: -38.441389 | R57: FÓRUM DES. MOACYR PITTA LIMA, AVENIDA AIRTON SENNA, S/N, ALAGOINHAS VELHA, ALAGOINHAS/BA | S57: =IF(A57=A56,0,1) -> 0 | T57: =IF(COUNTIF($B$4:B57,B57)=1,1,0) -> 0
A58: ALAGOINHAS | B58: 163 | C58: 1970 | D58: CRECHE MUNICIPAL SÃO JOSÉ | E58: MIGUEL VELHO | F58: RUA GALDÊNCIO DE SOUZA NUNES, N 55. | G58: 48024-030 | H58: 2 | I58: NÃO | J58: 114.5 | K58: =IF(J58="","7. Acima de 2 km",IF(J58<=50,"1. Até 50 m",IF(J58<=100,"2. De 50 a 100 m",IF(J58<=200,"3. De 100 a 200 m",IF(J58<=300,"4. De 200 a 300 m",IF(J58<=500,"5. De 300 a 500 m","6. De 500 m a 2 km")))))) -> 3. De 100 a 200 m | L58: 0 | M58: 0 | N58: 1 | O58: 1 | P58: -12.14149 | Q58: -38.465713 | R58: FÓRUM DES. MOACYR PITTA LIMA, AVENIDA AIRTON SENNA, S/N, ALAGOINHAS VELHA, ALAGOINHAS/BA | S58: =IF(A58=A57,0,1) -> 0 | T58: =IF(COUNTIF($B$4:B58,B58)=1,1,0) -> 0
A59: ALAGOINHAS | B59: 163 | C59: 1988 | D59: ESCOLA MUNICIPAL DO CAMPO DE ALAGOINHAS | E59: ZONA RURAL | F59: RODOVIA MÁRIO COVAS, BR 101 | G59: 48024-899 | H59: 4 | I59: NÃO | K59: =IF(J59="","7. Acima de 2 km",IF(J59<=50,"1. Até 50 m",IF(J59<=100,"2. De 50 a 100 m",IF(J59<=200,"3. De 100 a 200 m",IF(J59<=300,"4. De 200 a 300 m",IF(J59<=500,"5. De 300 a 500 m","6. De 500 m a 2 km")))))) -> 7. Acima de 2 km | L59: 0 | M59: 0 | N59: 0 | O59: 0 | P59: -12.09735 | Q59: -38.371002 | R59: FÓRUM DES. MOACYR PITTA LIMA, AVENIDA AIRTON SENNA, S/N, ALAGOINHAS VELHA, ALAGOINHAS/BA | S59: =IF(A59=A58,0,1) -> 0 | T59: =IF(COUNTIF($B$4:B59,B59)=1,1,0) -> 0
A60: ALAGOINHAS | B60: 163 | C60: 2003 | D60: ESCOLA MUNICIPAL PROFESSOR ÁLVARO PALMEIRA | E60: SILVA JARDIM | F60: RUA AMANDINA FERREIRA CARVALHO | G60: 48021-545 | H60: 5 | I60: NÃO | J60: 319.1 | K60: =IF(J60="","7. Acima de 2 km",IF(J60<=50,"1. Até 50 m",IF(J60<=100,"2. De 50 a 100 m",IF(J60<=200,"3. De 100 a 200 m",IF(J60<=300,"4. De 200 a 300 m",IF(J60<=500,"5. De 300 a 500 m","6. De 500 m a 2 km")))))) -> 5. De 300 a 500 m | L60: 0 | M60: 0 | N60: 0 | O60: 0 | P60: -12.13946 | Q60: -38.430423 | R60: FÓRUM DES. MOACYR PITTA LIMA, AVENIDA AIRTON SENNA, S/N, ALAGOINHAS VELHA, ALAGOINHAS/BA | S60: =IF(A60=A59,0,1) -> 0 | T60: =IF(COUNTIF($B$4:B60,B60)=1,1,0) -> 0
A61: ALAGOINHAS | B61: 163 | C61: 2011 | D61: ESCOLA MUNICIPAL SANTA TEREZINHA | E61: SANTA TEREZINHA | F61: DR. JOÃO DANTAS | G61: 48011-340 | H61: 2 | I61: NÃO | J61: 366.1 | K61: =IF(J61="","7. Acima de 2 km",IF(J61<=50,"1. Até 50 m",IF(J61<=100,"2. De 50 a 100 m",IF(J61<=200,"3. De 100 a 200 m",IF(J61<=300,"4. De 200 a 300 m",IF(J61<=500,"5. De 300 a 500 m","6. De 500 m a 2 km")))))) -> 5. De 300 a 500 m | L61: 0 | M61: 0 | N61: 0 | O61: 0 | P61: -12.123812 | Q61: -38.419187 | R61: FÓRUM DES. MOACYR PITTA LIMA, AVENIDA AIRTON SENNA, S/N, ALAGOINHAS VELHA, ALAGOINHAS/BA | S61: =IF(A61=A60,0,1) -> 0 | T61: =IF(COUNTIF($B$4:B61,B61)=1,1,0) -> 0
A62: ALAGOINHAS | B62: 163 | C62: 2020 | D62: COLÉGIO ADVENTISTA | E62: CENTRO | F62: AVENIDA SEVERINO VIEIRA | G62: 48005-460 | H62: 2 | I62: NÃO | J62: 738.7 | K62: =IF(J62="","7. Acima de 2 km",IF(J62<=50,"1. Até 50 m",IF(J62<=100,"2. De 50 a 100 m",IF(J62<=200,"3. De 100 a 200 m",IF(J62<=300,"4. De 200 a 300 m",IF(J62<=500,"5. De 300 a 500 m","6. De 500 m a 2 km")))))) -> 6. De 500 m a 2 km | L62: 0 | M62: 0 | N62: 0 | O62: 0 | P62: -12.145334 | Q62: -38.420154 | R62: FÓRUM DES. MOACYR PITTA LIMA, AVENIDA AIRTON SENNA, S/N, ALAGOINHAS VELHA, ALAGOINHAS/BA | S62: =IF(A62=A61,0,1) -> 0 | T62: =IF(COUNTIF($B$4:B62,B62)=1,1,0) -> 0
A63: ALCOBAÇA | B63: 112 | C63: 1015 | D63: ESCOLA LOMANTO JUNIOR | E63: CENTRO | F63: RUA VILA PENHA - ZONA URBANA | G63: 45990-000 | H63: 4 | I63: NÃO | J63: 140.1 | K63: =IF(J63="","7. Acima de 2 km",IF(J63<=50,"1. Até 50 m",IF(J63<=100,"2. De 50 a 100 m",IF(J63<=200,"3. De 100 a 200 m",IF(J63<=300,"4. De 200 a 300 m",IF(J63<=500,"5. De 300 a 500 m","6. De 500 m a 2 km")))))) -> 3. De 100 a 200 m | L63: 0 | M63: 0 | N63: 4 | O63: 7 | P63: -17.340315 | Q63: -39.224047 | R63: RUA GETÚLIO VARGAS, 60, CENTRO, PRADO/BA | S63: =IF(A63=A62,0,1) -> 1 | T63: =IF(COUNTIF($B$4:B63,B63)=1,1,0) -> 1
A64: ALCOBAÇA | B64: 112 | C64: 1023 | D64: EMEF EUNICE GERÔNIMO DE OLIVEIRA | E64: CENTRO | F64: RUA BRÁULIO NASCIMENTO, S/N - ZONA URBANA | G64: 45990-000 | H64: 5 | I64: NÃO | J64: 143.5 | K64: =IF(J64="","7. Acima de 2 km",IF(J64<=50,"1. Até 50 m",IF(J64<=100,"2. De 50 a 100 m",IF(J64<=200,"3. De 100 a 200 m",IF(J64<=300,"4. De 200 a 300 m",IF(J64<=500,"5. De 300 a 500 m","6. De 500 m a 2 km")))))) -> 3. De 100 a 200 m | L64: 0 | M64: 0 | N64: 4 | O64: 7 | P64: -17.340287 | Q64: -39.22407 | R64: RUA GETÚLIO VARGAS, 60, CENTRO, PRADO/BA | S64: =IF(A64=A63,0,1) -> 0 | T64: =IF(COUNTIF($B$4:B64,B64)=1,1,0) -> 0
A65: ALCOBAÇA | B65: 112 | C65: 1031 | D65: CENTRO EDUCACIONAL DE ALCOBAÇA | E65: CENTRO | F65: RUA PEDRO ALVARES CABRAL, SN - ZONA URBANA | G65: 45990-000 | H65: 12 | I65: NÃO | J65: 132.5 | K65: =IF(J65="","7. Acima de 2 km",IF(J65<=50,"1. Até 50 m",IF(J65<=100,"2. De 50 a 100 m",IF(J65<=200,"3. De 100 a 200 m",IF(J65<=300,"4. De 200 a 300 m",IF(J65<=500,"5. De 300 a 500 m","6. De 500 m a 2 km")))))) -> 3. De 100 a 200 m | L65: 0 | M65: 0 | N65: 4 | O65: 7 | P65: -17.340382 | Q65: -39.22401 | R65: RUA GETÚLIO VARGAS, 60, CENTRO, PRADO/BA | S65: =IF(A65=A64,0,1) -> 0 | T65: =IF(COUNTIF($B$4:B65,B65)=1,1,0) -> 0
A66: ALCOBAÇA | B66: 112 | C66: 1040 | D66: ESCOLA MUNICIPAL NOVO DESTINO | E66: POVOADO NOVO DESTINO | F66: POVOADO NOVO DESTINO - ZONA RURAL | G66: 45990-000 | H66: 3 | I66: NÃO | J66: 122.6 | K66: =IF(J66="","7. Acima de 2 km",IF(J66<=50,"1. Até 50 m",IF(J66<=100,"2. De 50 a 100 m",IF(J66<=200,"3. De 100 a 200 m",IF(J66<=300,"4. De 200 a 300 m",IF(J66<=500,"5. De 300 a 500 m","6. De 500 m a 2 km")))))) -> 3. De 100 a 200 m | L66: 0 | M66: 0 | N66: 4 | O66: 7 | P66: -17.340473 | Q66: -39.224045 | R66: RUA GETÚLIO VARGAS, 60, CENTRO, PRADO/BA | S66: =IF(A66=A65,0,1) -> 0 | T66: =IF(COUNTIF($B$4:B66,B66)=1,1,0) -> 0
A67: ALCOBAÇA | B67: 112 | C67: 1058 | D67: CENTRO EDUCACIONAL DE POUSO ALEGRE | E67: POVOADO POUSO ALEGRE | F67: POVOADO DE POUSO ALEGRE - ZONA RURAL | G67: 45990-000 | H67: 4 | I67: NÃO | J67: 143 | K67: =IF(J67="","7. Acima de 2 km",IF(J67<=50,"1. Até 50 m",IF(J67<=100,"2. De 50 a 100 m",IF(J67<=200,"3. De 100 a 200 m",IF(J67<=300,"4. De 200 a 300 m",IF(J67<=500,"5. De 300 a 500 m","6. De 500 m a 2 km")))))) -> 3. De 100 a 200 m | L67: 0 | M67: 0 | N67: 4 | O67: 7 | P67: -17.34029 | Q67: -39.224057 | R67: RUA GETÚLIO VARGAS, 60, CENTRO, PRADO/BA | S67: =IF(A67=A66,0,1) -> 0 | T67: =IF(COUNTIF($B$4:B67,B67)=1,1,0) -> 0
A68: ALCOBAÇA | B68: 112 | C68: 1066 | D68: ESCOLA MUNICIPAL DE EF SÃO JOSÉ | E68: POVOADO SAO JOSE DE ALCOBACA | F68: BA 290, S/N, RODOVIA - POVOADO SAO JOSE DE ALCOBACA - ZONA URBANA | G68: 45990-000 | H68: 11 | I68: NÃO | J68: 109.1 | K68: =IF(J68="","7. Acima de 2 km",IF(J68<=50,"1. Até 50 m",IF(J68<=100,"2. De 50 a 100 m",IF(J68<=200,"3. De 100 a 200 m",IF(J68<=300,"4. De 200 a 300 m",IF(J68<=500,"5. De 300 a 500 m","6. De 500 m a 2 km")))))) -> 3. De 100 a 200 m | L68: 0 | M68: 0 | N68: 4 | O68: 8 | P68: -17.34059 | Q68: -39.22391 | R68: RUA GETÚLIO VARGAS, 60, CENTRO, PRADO/BA | S68: =IF(A68=A67,0,1) -> 0 | T68: =IF(COUNTIF($B$4:B68,B68)=1,1,0) -> 0
A69: ALCOBAÇA | B69: 112 | C69: 1082 | D69: ESCOLA MUNICIPAL PARAISO | E69: POVOADO IGREJINHA | F69: POVOADO DE IGREJINHA - ZONA RURAL | G69: 45990-000 | H69: 3 | I69: NÃO | J69: 138.8 | K69: =IF(J69="","7. Acima de 2 km",IF(J69<=50,"1. Até 50 m",IF(J69<=100,"2. De 50 a 100 m",IF(J69<=200,"3. De 100 a 200 m",IF(J69<=300,"4. De 200 a 300 m",IF(J69<=500,"5. De 300 a 500 m","6. De 500 m a 2 km")))))) -> 3. De 100 a 200 m | L69: 0 | M69: 0 | N69: 4 | O69: 7 | P69: -17.340333 | Q69: -39.22411 | R69: RUA GETÚLIO VARGAS, 60, CENTRO, PRADO/BA | S69: =IF(A69=A68,0,1) -> 0 | T69: =IF(COUNTIF($B$4:B69,B69)=1,1,0) -> 0
A70: ALCOBAÇA | B70: 112 | C70: 1090 | D70: ESCOLA MUNICIPAL SANDRA LIMA | E70: POVOADO COMUNIDADE CANTA GALO | F70: POVOADO COMUNIDADE DE CANTA GALO - ZONA URBANA | G70: 45990-000 | H70: 4 | I70: NÃO | J70: 138.5 | K70: =IF(J70="","7. Acima de 2 km",IF(J70<=50,"1. Até 50 m",IF(J70<=100,"2. De 50 a 100 m",IF(J70<=200,"3. De 100 a 200 m",IF(J70<=300,"4. De 200 a 300 m",IF(J70<=500,"5. De 300 a 500 m","6. De 500 m a 2 km")))))) -> 3. De 100 a 200 m | L70: 0 | M70: 0 | N70: 4 | O70: 7 | P70: -17.340347 | Q70: -39.224175 | R70: RUA GETÚLIO VARGAS, 60, CENTRO, PRADO/BA | S70: =IF(A70=A69,0,1) -> 0 | T70: =IF(COUNTIF($B$4:B70,B70)=1,1,0) -> 0
A71: ALCOBAÇA | B71: 112 | C71: 1139 | D71: ESCOLA MUNICIPAL ELOI FERREIRA | E71: POVOADO PROJETO 40-45 | F71: POVOADO PROJETO 40-45 - ZONA RURAL | G71: 45990-000 | H71: 3 | I71: NÃO | J71: 136.5 | K71: =IF(J71="","7. Acima de 2 km",IF(J71<=50,"1. Até 50 m",IF(J71<=100,"2. De 50 a 100 m",IF(J71<=200,"3. De 100 a 200 m",IF(J71<=300,"4. De 200 a 300 m",IF(J71<=500,"5. De 300 a 500 m","6. De 500 m a 2 km")))))) -> 3. De 100 a 200 m | L71: 0 | M71: 0 | N71: 4 | O71: 7 | P71: -17.340355 | Q71: -39.224117 | R71: RUA GETÚLIO VARGAS, 60, CENTRO, PRADO/BA | S71: =IF(A71=A70,0,1) -> 0 | T71: =IF(COUNTIF($B$4:B71,B71)=1,1,0) -> 0
... A79: AMARGOSA | B79: 36 | C79: 1040 | D79: ESCOLA MONSENHOR ANTÔNIO JOSÉ DE ALMEIDA | E79: CAJUEIRO | F79: RUA ALBINO LOPES, S/N - ZONA URBANA | G79: 45300-000 | H79: 5 | I79: NÃO | J79: 615.9 | K79: =IF(J79="","7. Acima de 2 km",IF(J79<=50,"1. Até 50 m",IF(J79<=100,"2. De 50 a 100 m",IF(J79<=200,"3. De 100 a 200 m",IF(J79<=300,"4. De 200 a 300 m",IF(J79<=500,"5. De 300 a 500 m","6. De 500 m a 2 km")))))) -> 6. De 500 m a 2 km | L79: 0 | M79: 0 | N79: 0 | O79: 0 | P79: -13.026801 | Q79: -39.594379 | R79: PRAÇA JOSÉ VIANA SAMPAIO, Nº 417, CENTRO, AMARGOSA/BA | S79: =IF(A79=A78,0,1) -> 0 | T79: =IF(COUNTIF($B$4:B79,B79)=1,1,0) -> 0
A80: AMARGOSA | B80: 36 | C80: 1058 | D80: ESCOLA MUNICIPAL JÚLIO PINHEIRO | E80: DISTRITO CORTA MÃO | F80: DISTRITO CORTA MÃO - ZONA RURAL | G80: 45300-000 | H80: 5 | I80: NÃO | K80: =IF(J80="","7. Acima de 2 km",IF(J80<=50,"1. Até 50 m",IF(J80<=100,"2. De 50 a 100 m",IF(J80<=200,"3. De 100 a 200 m",IF(J80<=300,"4. De 200 a 300 m",IF(J80<=500,"5. De 300 a 500 m","6. De 500 m a 2 km")))))) -> 7. Acima de 2 km | L80: 0 | M80: 0 | N80: 0 | O80: 0 | P80: -13.07134 | Q80: -39.503697 | R80: PRAÇA JOSÉ VIANA SAMPAIO, Nº 417, CENTRO, AMARGOSA/BA | S80: =IF(A80=A79,0,1) -> 0 | T80: =IF(COUNTIF($B$4:B80,B80)=1,1,0) -> 0
A81: AMARGOSA | B81: 36 | C81: 1074 | D81: ESCOLA MUNICIPAL SENADOR JOSAPHÁ MARINHO | E81: POVOADO CÓRREGO | F81: POVOADO CÓRREGO - ZONA RURAL | G81: 45300-000 | H81: 2 | I81: NÃO | K81: =IF(J81="","7. Acima de 2 km",IF(J81<=50,"1. Até 50 m",IF(J81<=100,"2. De 50 a 100 m",IF(J81<=200,"3. De 100 a 200 m",IF(J81<=300,"4. De 200 a 300 m",IF(J81<=500,"5. De 300 a 500 m","6. De 500 m a 2 km")))))) -> 7. Acima de 2 km | L81: 0 | M81: 0 | N81: 0 | O81: 0 | P81: -13.070601 | Q81: -39.571414 | R81: PRAÇA JOSÉ VIANA SAMPAIO, Nº 417, CENTRO, AMARGOSA/BA | S81: =IF(A81=A80,0,1) -> 0 | T81: =IF(COUNTIF($B$4:B81,B81)=1,1,0) -> 0
A82: AMARGOSA | B82: 36 | C82: 1082 | D82: ESCOLA MUNICIPAL EDVALDO MACHADO BOAVENTURA | E82: DISTRITO DIÓGENES SAMPAIO | F82: DISTRITO DIÓGENES SAMPAIO - ZONA RURAL | G82: 45300-000 | H82: 2 | I82: NÃO | K82: =IF(J82="","7. Acima de 2 km",IF(J82<=50,"1. Até 50 m",IF(J82<=100,"2. De 50 a 100 m",IF(J82<=200,"3. De 100 a 200 m",IF(J82<=300,"4. De 200 a 300 m",IF(J82<=500,"5. De 300 a 500 m","6. De 500 m a 2 km")))))) -> 7. Acima de 2 km | L82: 0 | M82: 0 | N82: 0 | O82: 0 | P82: -12.956542 | Q82: -39.590971 | R82: PRAÇA JOSÉ VIANA SAMPAIO, Nº 417, CENTRO, AMARGOSA/BA | S82: =IF(A82=A81,0,1) -> 0 | T82: =IF(COUNTIF($B$4:B82,B82)=1,1,0) -> 0
A83: AMARGOSA | B83: 36 | C83: 1090 | D83: ESCOLA MUNICIPAL JOÃO LEAL SALES | E83: DISTRITO ITACHAMA | F83: DISTRITO ITACHAMA - ZONA RURAL | G83: 45300-000 | H83: 3 | I83: NÃO | K83: =IF(J83="","7. Acima de 2 km",IF(J83<=50,"1. Até 50 m",IF(J83<=100,"2. De 50 a 100 m",IF(J83<=200,"3. De 100 a 200 m",IF(J83<=300,"4. De 200 a 300 m",IF(J83<=500,"5. De 300 a 500 m","6. De 500 m a 2 km")))))) -> 7. Acima de 2 km | L83: 0 | M83: 0 | N83: 0 | O83: 0 | P83: -13.028537 | Q83: -39.722269 | R83: PRAÇA JOSÉ VIANA SAMPAIO, Nº 417, CENTRO, AMARGOSA/BA | S83: =IF(A83=A82,0,1) -> 0 | T83: =IF(COUNTIF($B$4:B83,B83)=1,1,0) -> 0
A84: AMARGOSA | B84: 36 | C84: 1104 | D84: COLÉGIO ESTADUAL PEDRO CALMON | E84: CENTRO | F84: RUA AGENOR GUEDES, S/N - ZONA URBANA | G84: 45300-000 | H84: 12 | I84: SIM | J84: 45.7 | K84: =IF(J84="","7. Acima de 2 km",IF(J84<=50,"1. Até 50 m",IF(J84<=100,"2. De 50 a 100 m",IF(J84<=200,"3. De 100 a 200 m",IF(J84<=300,"4. De 200 a 300 m",IF(J84<=500,"5. De 300 a 500 m","6. De 500 m a 2 km")))))) -> 1. Até 50 m | L84: 1 | M84: 1 | N84: 1 | O84: 2 | P84: -13.031834 | Q84: -39.599937 | R84: PRAÇA JOSÉ VIANA SAMPAIO, Nº 417, CENTRO, AMARGOSA/BA | S84: =IF(A84=A83,0,1) -> 0 | T84: =IF(COUNTIF($B$4:B84,B84)=1,1,0) -> 0
A85: AMARGOSA | B85: 36 | C85: 1120 | D85: POSTO DE SAÚDE MANOEL DIAS DE OLIVEIRA FILHO | E85: DISTRITO DIÓGENES SAMPAIO | F85: DISTRITO DIÓGENES SAMPAIO - ZONA RURAL | G85: 45300-000 | H85: 1 | I85: NÃO | K85: =IF(J85="","7. Acima de 2 km",IF(J85<=50,"1. Até 50 m",IF(J85<=100,"2. De 50 a 100 m",IF(J85<=200,"3. De 100 a 200 m",IF(J85<=300,"4. De 200 a 300 m",IF(J85<=500,"5. De 300 a 500 m","6. De 500 m a 2 km")))))) -> 7. Acima de 2 km | L85: 0 | M85: 0 | N85: 0 | O85: 0 | P85: -12.956354 | Q85: -39.590574 | R85: PRAÇA JOSÉ VIANA SAMPAIO, Nº 417, CENTRO, AMARGOSA/BA | S85: =IF(A85=A84,0,1) -> 0 | T85: =IF(COUNTIF($B$4:B85,B85)=1,1,0) -> 0
A86: AMARGOSA | B86: 36 | C86: 1147 | D86: ESCOLA MUNICIPAL VIVALDA ANDRADE OLIVEIRA | E86: SANTA RITA | F86: RUA TENENTE MIGUEL, S/N - ZONA URBANA | G86: 45300-000 | H86: 8 | I86: NÃO | J86: 187.9 | K86: =IF(J86="","7. Acima de 2 km",IF(J86<=50,"1. Até 50 m",IF(J86<=100,"2. De 50 a 100 m",IF(J86<=200,"3. De 100 a 200 m",IF(J86<=300,"4. De 200 a 300 m",IF(J86<=500,"5. De 300 a 500 m","6. De 500 m a 2 km")))))) -> 3. De 100 a 200 m | L86: 0 | M86: 0 | N86: 1 | O86: 1 | P86: -13.02053 | Q86: -39.604257 | R86: PRAÇA JOSÉ VIANA SAMPAIO, Nº 417, CENTRO, AMARGOSA/BA | S86: =IF(A86=A85,0,1) -> 0 | T86: =IF(COUNTIF($B$4:B86,B86)=1,1,0) -> 0
A87: AMARGOSA | B87: 36 | C87: 1180 | D87: ESCOLA MUNICIPAL PROFESSOR ERALDO TINOCO | E87: POVOADO ALTO SECO | F87: POVOADO ALTO SECO - ZONA RURAL | G87: 45300-000 | H87: 2 | I87: NÃO | K87: =IF(J87="","7. Acima de 2 km",IF(J87<=50,"1. Até 50 m",IF(J87<=100,"2. De 50 a 100 m",IF(J87<=200,"3. De 100 a 200 m",IF(J87<=300,"4. De 200 a 300 m",IF(J87<=500,"5. De 300 a 500 m","6. De 500 m a 2 km")))))) -> 7. Acima de 2 km | L87: 0 | M87: 0 | N87: 0 | O87: 0 | P87: -13.107048 | Q87: -39.513033 | R87: PRAÇA JOSÉ VIANA SAMPAIO, Nº 417, CENTRO, AMARGOSA/BA | S87: =IF(A87=A86,0,1) -> 0 | T87: =IF(COUNTIF($B$4:B87,B87)=1,1,0) -> 0
A88: AMARGOSA | B88: 36 | C88: 1210 | D88: ESCOLA MUNICIPAL FRANCISCO JUVENTINO DE SOUZA | E88: POVOADO CAMBAÚBA | F88: POVOADO DA CAMBAÚBA - ZONA RURAL | G88: 45300-000 | H88: 2 | I88: NÃO | K88: =IF(J88="","7. Acima de 2 km",IF(J88<=50,"1. Até 50 m",IF(J88<=100,"2. De 50 a 100 m",IF(J88<=200,"3. De 100 a 200 m",IF(J88<=300,"4. De 200 a 300 m",IF(J88<=500,"5. De 300 a 500 m","6. De 500 m a 2 km")))))) -> 7. Acima de 2 km | L88: 0 | M88: 0 | N88: 0 | O88: 0 | P88: -13.117539 | Q88: -39.540321 | R88: PRAÇA JOSÉ VIANA SAMPAIO, Nº 417, CENTRO, AMARGOSA/BA | S88: =IF(A88=A87,0,1) -> 0 | T88: =IF(COUNTIF($B$4:B88,B88)=1,1,0) -> 0
A89: AMARGOSA | B89: 36 | C89: 1228 | D89: ESCOLA MUNICIPAL DEOLINDA MAIA SALES | E89: POVOADO MATA DAS COVAS | F89: POVOADO MATA DAS COVAS - ZONA RURAL | G89: 45328-000 | H89: 1 | I89: NÃO | K89: =IF(J89="","7. Acima de 2 km",IF(J89<=50,"1. Até 50 m",IF(J89<=100,"2. De 50 a 100 m",IF(J89<=200,"3. De 100 a 200 m",IF(J89<=300,"4. De 200 a 300 m",IF(J89<=500,"5. De 300 a 500 m","6. De 500 m a 2 km")))))) -> 7. Acima de 2 km | L89: 0 | M89: 0 | N89: 0 | O89: 0 | P89: -12.997339 | Q89: -39.633106 | R89: PRAÇA JOSÉ VIANA SAMPAIO, Nº 417, CENTRO, AMARGOSA/BA | S89: =IF(A89=A88,0,1) -> 0 | T89: =IF(COUNTIF($B$4:B89,B89)=1,1,0) -> 0
A90: AMARGOSA | B90: 36 | C90: 1236 | D90: ESCOLA MUNICIPAL DOM FLORÊNICIO SISINIO VIEIRA | E90: CATIARA | F90: RUA CATIARA N 203 - ZONA URBANA | G90: 45300-000 | H90: 12 | I90: SIM | J90: 6.6 | K90: =IF(J90="","7. Acima de 2 km",IF(J90<=50,"1. Até 50 m",IF(J90<=100,"2. De 50 a 100 m",IF(J90<=200,"3. De 100 a 200 m",IF(J90<=300,"4. De 200 a 300 m",IF(J90<=500,"5. De 300 a 500 m","6. De 500 m a 2 km")))))) -> 1. Até 50 m | L90: 1 | M90: 1 | N90: 3 | O90: 3 | P90: -13.032286 | Q90: -39.589847 | R90: PRAÇA JOSÉ VIANA SAMPAIO, Nº 417, CENTRO, AMARGOSA/BA | S90: =IF(A90=A89,0,1) -> 0 | T90: =IF(COUNTIF($B$4:B90,B90)=1,1,0) -> 0
A91: AMARGOSA | B91: 36 | C91: 1244 | D91: ESCOLA MUNICIPAL PROFESSORA DÉLIA DO AMARAL GONÇALVES SANTOS | E91: POVOADO URBIS II | F91: PARQUE RESIDENCIAL AMARGOSA S/N - ZONA URBANA | G91: 45300-000 | H91: 1 | I91: NÃO | J91: 946.1 | K91: =IF(J91="","7. Acima de 2 km",IF(J91<=50,"1. Até 50 m",IF(J91<=100,"2. De 50 a 100 m",IF(J91<=200,"3. De 100 a 200 m",IF(J91<=300,"4. De 200 a 300 m",IF(J91<=500,"5. De 300 a 500 m","6. De 500 m a 2 km")))))) -> 6. De 500 m a 2 km | L91: 0 | M91: 0 | N91: 0 | O91: 0 | P91: -13.010619 | Q91: -39.603043 | R91: PRAÇA JOSÉ VIANA SAMPAIO, Nº 417, CENTRO, AMARGOSA/BA | S91: =IF(A91=A90,0,1) -> 0 | T91: =IF(COUNTIF($B$4:B91,B91)=1,1,0) -> 0
A92: AMARGOSA | B92: 36 | C92: 1260 | D92: ESCOLA MUNICIPAL PROFESSORA ROSALINA SOUZA BITTENCOURT | E92: RODÃO | F92: LOTEAMENTO PRIMAVERA, RUA A - ZONA URBANA | G92: 45300-000 | H92: 2 | I92: NÃO | J92: 202.9 | K92: =IF(J92="","7. Acima de 2 km",IF(J92<=50,"1. Até 50 m",IF(J92<=100,"2. De 50 a 100 m",IF(J92<=200,"3. De 100 a 200 m",IF(J92<=300,"4. De 200 a 300 m",IF(J92<=500,"5. De 300 a 500 m","6. De 500 m a 2 km")))))) -> 4. De 200 a 300 m | L92: 0 | M92: 0 | N92: 0 | O92: 1 | P92: -13.036441 | Q92: -39.597445 | R92: PRAÇA JOSÉ VIANA SAMPAIO, Nº 417, CENTRO, AMARGOSA/BA | S92: =IF(A92=A91,0,1) -> 0 | T92: =IF(COUNTIF($B$4:B92,B92)=1,1,0) -> 0
A93: ANDARAÍ | B93: 119 | C93: 1015 | D93: CENTRO DE FORMAÇÃO PROFISSIONAL ÂNGELO COSTA - CEFAC | E93: CENTRO | F93: RUA DA GLORIA, S/N - ZONA URBANA | G93: 46830-000 | H93: 4 | I93: NÃO | J93: 105.9 | K93: =IF(J93="","7. Acima de 2 km",IF(J93<=50,"1. Até 50 m",IF(J93<=100,"2. De 50 a 100 m",IF(J93<=200,"3. De 100 a 200 m",IF(J93<=300,"4. De 200 a 300 m",IF(J93<=500,"5. De 300 a 500 m","6. De 500 m a 2 km")))))) -> 3. De 100 a 200 m | L93: 0 | M93: 0 | N93: 3 | O93: 3 | P93: -12.810253 | Q93: -41.331292 | R93: FÓRUM DA COMARCA DE ANDARAÍ, PRAÇA SÃO FRANCISCO DE ASSIS, S/N, ALTO DO IBIRAPITANGA -ANDARAÍ/BA | S93: =IF(A93=A92,0,1) -> 1 | T93: =IF(COUNTIF($B$4:B93,B93)=1,1,0) -> 1
A94: ANDARAÍ | B94: 119 | C94: 1023 | D94: ESCOLA LUIZ VIANA FILHO | E94: VILA RIGOLETO | F94: PRAÇA JOÃO ESTEVES DO SOCORRO, S/N | G94: 46830-000 | H94: 5 | I94: NÃO | J94: 386.5 | K94: =IF(J94="","7. Acima de 2 km",IF(J94<=50,"1. Até 50 m",IF(J94<=100,"2. De 50 a 100 m",IF(J94<=200,"3. De 100 a 200 m",IF(J94<=300,"4. De 200 a 300 m",IF(J94<=500,"5. De 300 a 500 m","6. De 500 m a 2 km")))))) -> 5. De 300 a 500 m | L94: 0 | M94: 0 | N94: 0 | O94: 0 | P94: -12.803828 | Q94: -41.331935 | R94: FÓRUM DA COMARCA DE ANDARAÍ, PRAÇA SÃO FRANCISCO DE ASSIS, S/N, ALTO DO IBIRAPITANGA -ANDARAÍ/BA | S94: =IF(A94=A93,0,1) -> 0 | T94: =IF(COUNTIF($B$4:B94,B94)=1,1,0) -> 0
A95: ANDARAÍ | B95: 119 | C95: 1040 | D95: CRECHE PRÓ INFÂNCIA PADRE PÍNDARO | E95: IBIRAPITANGA | F95: RUA EDGAR OLIVEIRA SANTOS, S/N - ALTO DO IBIRAPITANGA | G95: 46830-000 | H95: 2 | I95: NÃO | J95: 559.9 | K95: =IF(J95="","7. Acima de 2 km",IF(J95<=50,"1. Até 50 m",IF(J95<=100,"2. De 50 a 100 m",IF(J95<=200,"3. De 100 a 200 m",IF(J95<=300,"4. De 200 a 300 m",IF(J95<=500,"5. De 300 a 500 m","6. De 500 m a 2 km")))))) -> 6. De 500 m a 2 km | L95: 0 | M95: 0 | N95: 0 | O95: 0 | P95: -12.792811 | Q95: -41.331144 | R95: FÓRUM DA COMARCA DE ANDARAÍ, PRAÇA SÃO FRANCISCO DE ASSIS, S/N, ALTO DO IBIRAPITANGA -ANDARAÍ/BA | S95: =IF(A95=A94,0,1) -> 0 | T95: =IF(COUNTIF($B$4:B95,B95)=1,1,0) -> 0
A96: ANDARAÍ | B96: 119 | C96: 1058 | D96: ESCOLA MUNICIPAL EURICO ANTUNES COSTA | E96: POVOADO VILA DE IGATU | F96: RUA DA CONSTITUIÇÃO, S/N - ZONA RURAL | G96: 46830-000 | H96: 1 | I96: NÃO | K96: =IF(J96="","7. Acima de 2 km",IF(J96<=50,"1. Até 50 m",IF(J96<=100,"2. De 50 a 100 m",IF(J96<=200,"3. De 100 a 200 m",IF(J96<=300,"4. De 200 a 300 m",IF(J96<=500,"5. De 300 a 500 m","6. De 500 m a 2 km")))))) -> 7. Acima de 2 km | L96: 0 | M96: 0 | N96: 0 | O96: 0 | P96: -12.896893 | Q96: -41.318068 | R96: FÓRUM DA COMARCA DE ANDARAÍ, PRAÇA SÃO FRANCISCO DE ASSIS, S/N, ALTO DO IBIRAPITANGA -ANDARAÍ/BA | S96: =IF(A96=A95,0,1) -> 0 | T96: =IF(COUNTIF($B$4:B96,B96)=1,1,0) -> 0
A97: ANDARAÍ | B97: 119 | C97: 1066 | D97: ESCOLA DE EDUCAÇÃO INTEGRAL DR. BERNARDO SPECTOR | E97: POVOADO VILA DE UBIRAITA | F97: RUA HERMENEGILDO GONÇALVES S/N - ZONA RURAL | G97: 46830-000 | H97: 9 | I97: NÃO | K97: =IF(J97="","7. Acima de 2 km",IF(J97<=50,"1. Até 50 m",IF(J97<=100,"2. De 50 a 100 m",IF(J97<=200,"3. De 100 a 200 m",IF(J97<=300,"4. De 200 a 300 m",IF(J97<=500,"5. De 300 a 500 m","6. De 500 m a 2 km")))))) -> 7. Acima de 2 km | L97: 0 | M97: 0 | N97: 0 | O97: 0 | P97: -12.588868 | Q97: -41.005776 | R97: FÓRUM DA COMARCA DE ANDARAÍ, PRAÇA SÃO FRANCISCO DE ASSIS, S/N, ALTO DO IBIRAPITANGA -ANDARAÍ/BA | S97: =IF(A97=A96,0,1) -> 0 | T97: =IF(COUNTIF($B$4:B97,B97)=1,1,0) -> 0
A98: ANDARAÍ | B98: 119 | C98: 1082 | D98: COLEGIO MUNICIPAL ANTONIO CARLOS MAGALHAES | E98: POVOADO NOVA VISTA | F98: PRACA NOSSA SENHORA SANTANA, S/N - ZONA RURAL | G98: 46830-000 | H98: 4 | I98: NÃO | K98: =IF(J98="","7. Acima de 2 km",IF(J98<=50,"1. Até 50 m",IF(J98<=100,"2. De 50 a 100 m",IF(J98<=200,"3. De 100 a 200 m",IF(J98<=300,"4. De 200 a 300 m",IF(J98<=500,"5. De 300 a 500 m","6. De 500 m a 2 km")))))) -> 7. Acima de 2 km | L98: 0 | M98: 0 | N98: 0 | O98: 0 | P98: -12.590882 | Q98: -41.12303 | R98: FÓRUM DA COMARCA DE ANDARAÍ, PRAÇA SÃO FRANCISCO DE ASSIS, S/N, ALTO DO IBIRAPITANGA -ANDARAÍ/BA | S98: =IF(A98=A97,0,1) -> 0 | T98: =IF(COUNTIF($B$4:B98,B98)=1,1,0) -> 0
A99: ANDARAÍ | B99: 119 | C99: 1090 | D99: CRAS (ANTIGA ESCOLA CARLOS SANTANNA) | E99: IBIRAPITANGA | F99: RUA ALTO DO IBIRAPITANGA, S/N - ZONA URBANA | G99: 46830-000 | H99: 5 | I99: NÃO | J99: 278.7 | K99: =IF(J99="","7. Acima de 2 km",IF(J99<=50,"1. Até 50 m",IF(J99<=100,"2. De 50 a 100 m",IF(J99<=200,"3. De 100 a 200 m",IF(J99<=300,"4. De 200 a 300 m",IF(J99<=500,"5. De 300 a 500 m","6. De 500 m a 2 km")))))) -> 4. De 200 a 300 m | L99: 0 | M99: 0 | N99: 0 | O99: 1 | P99: -12.798413 | Q99: -41.329243 | R99: FÓRUM DA COMARCA DE ANDARAÍ, PRAÇA SÃO FRANCISCO DE ASSIS, S/N, ALTO DO IBIRAPITANGA -ANDARAÍ/BA | S99: =IF(A99=A98,0,1) -> 0 | T99: =IF(COUNTIF($B$4:B99,B99)=1,1,0) -> 0
A100: ANDARAÍ | B100: 119 | C100: 1112 | D100: PRÉDIO ANTIGO DO COLÉGIO ESTADUAL EDGAR SILVA | E100: SOSSEGO | F100: PRACA DA BANDEIRA, S/N - ZONA URBANA | G100: 46830-000 | H100: 5 | I100: NÃO | J100: 225.1 | K100: =IF(J100="","7. Acima de 2 km",IF(J100<=50,"1. Até 50 m",IF(J100<=100,"2. De 50 a 100 m",IF(J100<=200,"3. De 100 a 200 m",IF(J100<=300,"4. De 200 a 300 m",IF(J100<=500,"5. De 300 a 500 m","6. De 500 m a 2 km")))))) -> 4. De 200 a 300 m | L100: 0 | M100: 0 | N100: 0 | O100: 2 | P100: -12.805385 | Q100: -41.333404 | R100: FÓRUM DA COMARCA DE ANDARAÍ, PRAÇA SÃO FRANCISCO DE ASSIS, S/N, ALTO DO IBIRAPITANGA -ANDARAÍ/BA | S100: =IF(A100=A99,0,1) -> 0 | T100: =IF(COUNTIF($B$4:B100,B100)=1,1,0) -> 0
A101: ANDARAÍ | B101: 119 | C101: 1147 | D101: COLÉGIO MUNICIPAL DE ANDARAÍ | E101: ALTO DA BELA VISTA | F101: RUA DO CAMPO, S/N - CAMPO DE AVIÃO | G101: 46830-000 | H101: 1 | I101: NÃO | J101: 266.1 | K101: =IF(J101="","7. Acima de 2 km",IF(J101<=50,"1. Até 50 m",IF(J101<=100,"2. De 50 a 100 m",IF(J101<=200,"3. De 100 a 200 m",IF(J101<=300,"4. De 200 a 300 m",IF(J101<=500,"5. De 300 a 500 m","6. De 500 m a 2 km")))))) -> 4. De 200 a 300 m | L101: 0 | M101: 0 | N101: 0 | O101: 2 | P101: -12.800922 | Q101: -41.323746 | R101: FÓRUM DA COMARCA DE ANDARAÍ, PRAÇA SÃO FRANCISCO DE ASSIS, S/N, ALTO DO IBIRAPITANGA -ANDARAÍ/BA | S101: =IF(A101=A100,0,1) -> 0 | T101: =IF(COUNTIF($B$4:B101,B101)=1,1,0) -> 0
A102: ANDARAÍ | B102: 119 | C102: 1180 | D102: ESCOLA DE TEMPO INTEGRAL ILZA GUEDES SILVA | E102: ASSENTAMENTO ITAGUACU VII | F102: ASSENTAMENTO ITAGUASSU VII - ZONA RURAL | G102: 46830-000 | H102: 2 | I102: NÃO | K102: =IF(J102="","7. Acima de 2 km",IF(J102<=50,"1. Até 50 m",IF(J102<=100,"2. De 50 a 100 m",IF(J102<=200,"3. De 100 a 200 m",IF(J102<=300,"4. De 200 a 300 m",IF(J102<=500,"5. De 300 a 500 m","6. De 500 m a 2 km")))))) -> 7. Acima de 2 km | L102: 0 | M102: 0 | N102: 0 | O102: 0 | P102: -12.642031 | Q102: -41.166832 | R102: FÓRUM DA COMARCA DE ANDARAÍ, PRAÇA SÃO FRANCISCO DE ASSIS, S/N, ALTO DO IBIRAPITANGA -ANDARAÍ/BA | S102: =IF(A102=A101,0,1) -> 0 | T102: =IF(COUNTIF($B$4:B102,B102)=1,1,0) -> 0
A103: ANDARAÍ | B103: 119 | C103: 1201 | D103: ESCOLA DE TEMPO INTEGRAL FERNANDO GOMES DE AZEVEDO | E103: ASSENTAMENTO MOCAMBO | F103: ASSENTAMENTO MOCAMBO - ZONA RURAL | G103: 46830-000 | H103: 2 | I103: NÃO | K103: =IF(J103="","7. Acima de 2 km",IF(J103<=50,"1. Até 50 m",IF(J103<=100,"2. De 50 a 100 m",IF(J103<=200,"3. De 100 a 200 m",IF(J103<=300,"4. De 200 a 300 m",IF(J103<=500,"5. De 300 a 500 m","6. De 500 m a 2 km")))))) -> 7. Acima de 2 km | L103: 0 | M103: 0 | N103: 0 | O103: 0 | P103: -12.908381 | Q103: -41.234173 | R103: FÓRUM DA COMARCA DE ANDARAÍ, PRAÇA SÃO FRANCISCO DE ASSIS, S/N, ALTO DO IBIRAPITANGA -ANDARAÍ/BA | S103: =IF(A103=A102,0,1) -> 0 | T103: =IF(COUNTIF($B$4:B103,B103)=1,1,0) -> 0
A104: ANDARAÍ | B104: 119 | C104: 1210 | D104: CENTRO EDUCACIONAL INFANTIL ERALDO TINOCO | E104: POVOADO NOVA VISTA | F104: RUA DR LUIS GONZAGA, S/N, ZONA RURAL | G104: 46830-000 | H104: 1 | I104: NÃO | K104: =IF(J104="","7. Acima de 2 km",IF(J104<=50,"1. Até 50 m",IF(J104<=100,"2. De 50 a 100 m",IF(J104<=200,"3. De 100 a 200 m",IF(J104<=300,"4. De 200 a 300 m",IF(J104<=500,"5. De 300 a 500 m","6. De 500 m a 2 km")))))) -> 7. Acima de 2 km | L104: 0 | M104: 0 | N104: 0 | O104: 0 | P104: -12.590466 | Q104: -41.124524 | R104: FÓRUM DA COMARCA DE ANDARAÍ, PRAÇA SÃO FRANCISCO DE ASSIS, S/N, ALTO DO IBIRAPITANGA -ANDARAÍ/BA | S104: =IF(A104=A103,0,1) -> 0 | T104: =IF(COUNTIF($B$4:B104,B104)=1,1,0) -> 0
A105: BARRA DO CHOÇA | B105: 139 | C105: 1015 | D105: ESCOLA MUNICIPAL ANTÔNIO CARLOS MAGALHÃES | E105: CENTRO | F105: PRAÇA DO ESTUDANTE, S/N, ZONA URBANA | G105: 45120-000 | H105: 5 | I105: NÃO | J105: 332.7 | K105: =IF(J105="","7. Acima de 2 km",IF(J105<=50,"1. Até 50 m",IF(J105<=100,"2. De 50 a 100 m",IF(J105<=200,"3. De 100 a 200 m",IF(J105<=300,"4. De 200 a 300 m",IF(J105<=500,"5. De 300 a 500 m","6. De 500 m a 2 km")))))) -> 5. De 300 a 500 m | L105: 0 | M105: 0 | N105: 0 | O105: 0 | P105: -14.862085 | Q105: -40.577238 | R105: AVENIDA GETÚLIO VARGAS, N. 85, CENTRO, BARRA DO CHOÇA/BA | S105: =IF(A105=A104,0,1) -> 1 | T105: =IF(COUNTIF($B$4:B105,B105)=1,1,0) -> 1
A106: BARRA DO CHOÇA | B106: 139 | C106: 1023 | D106: CEBC - CENTRO EDUCACIONAL MUNICIPAL DE BARRA DO CHOÇA | E106: CENTRO | F106: PRAÇA DO ESTUDANTE-S/N-ZONA URBANA | G106: 45120-000 | H106: 14 | I106: NÃO | J106: 427.7 | K106: =IF(J106="","7. Acima de 2 km",IF(J106<=50,"1. Até 50 m",IF(J106<=100,"2. De 50 a 100 m",IF(J106<=200,"3. De 100 a 200 m",IF(J106<=300,"4. De 200 a 300 m",IF(J106<=500,"5. De 300 a 500 m","6. De 500 m a 2 km")))))) -> 5. De 300 a 500 m | L106: 0 | M106: 0 | N106: 0 | O106: 0 | P106: -14.86138 | Q106: -40.575497 | R106: AVENIDA GETÚLIO VARGAS, N. 85, CENTRO, BARRA DO CHOÇA/BA | S106: =IF(A106=A105,0,1) -> 0 | T106: =IF(COUNTIF($B$4:B106,B106)=1,1,0) -> 0
A107: BARRA DO CHOÇA | B107: 139 | C107: 1040 | D107: UNIDADE MUNICIPAL DE ENSINO CONVENIADA DÁRIA VIANA DE QUEIROZ | E107: CENTRO | F107: AV.PROGRESSO-S/N - ZONA URBANA | G107: 45120-000 | H107: 7 | I107: NÃO | J107: 245.2 | K107: =IF(J107="","7. Acima de 2 km",IF(J107<=50,"1. Até 50 m",IF(J107<=100,"2. De 50 a 100 m",IF(J107<=200,"3. De 100 a 200 m",IF(J107<=300,"4. De 200 a 300 m",IF(J107<=500,"5. De 300 a 500 m","6. De 500 m a 2 km")))))) -> 4. De 200 a 300 m | L107: 0 | M107: 0 | N107: 0 | O107: 1 | P107: -14.86934 | Q107: -40.579277 | R107: AVENIDA GETÚLIO VARGAS, N. 85, CENTRO, BARRA DO CHOÇA/BA | S107: =IF(A107=A106,0,1) -> 0 | T107: =IF(COUNTIF($B$4:B107,B107)=1,1,0) -> 0
...
